動畫名稱,ID,集數,年份,季節,字幕組
元祖！BanG Dream Chan,1739,連載中(15),2025,秋,
可以幫忙洗乾淨嗎？,1828,連載中(02),2026,冬,黑白
非人學生與厭世教師,1825,連載中(02),2026,冬,桜都
魔王的女兒太溫柔了！！,1821,連載中(03),2026,冬,桜都
東島丹三郎想成為假面騎士,1749,連載中(15),2025,秋,
勇者之渣,1812,連載中(02),2026,冬,
GNOSIA,1769,連載中(14),2025,秋,
Fate/strange Fake,1572,連載中(03),2024,秋,
死亡帳號,1815,連載中(02),2026,冬,
TRIGUN STARGAZE,1814,連載中(02),2026,冬,
轉生之後的我變成了龍蛋～目標是世界最強～,1813,連載中(02),2026,冬,
青之壬生浪 芹澤暗殺篇(第二季),1786,連載中(04),2026,冬,
葬送的芙莉蓮 第二季,1833,連載中(29),2026,冬,
炎炎消防隊 參之章(第三季),1631,連載中(14),2025/2026,春/冬,
地獄模式 ～喜歡挑戰特殊成就的玩家在廢設定的異世界成為無雙～,1809,連載中(02),2026,冬,
DARK MOON：月之神壇,1810,連載中(02),2026,冬,
和機器人啪啪啪能算在經驗人數裡嗎？？,1811,連載中(02),2026,冬,
高校！奇面組,1808,連載中(02),2026,冬,
卡片戰鬥!! 先導者 Divinez 第五季 幻真星戰篇,1832,連載中(01),2026,冬,
"<a href=""https://anime1.pw/?cat=58"">草莓哀歌～缺根筋的活潑妹妹與無法釋懷的哥哥～</a>",0,連載中(01),2026,冬,桜都
"<a href=""https://anime1.pw/?cat=57"">有栖川煉其實是個女生吧。</a>",0,連載中(01),2026,冬,桜都
Princession Orchestra,1663,連載中(37),2025,春,雪飄
被鄰國王子溺愛的反派千金,1830,連載中(01),2026,冬,六四位元
皎潔深宵之月,1829,連載中(01),2026,冬,六四位元
為了疼愛最推的義兄，我要長久活下去！,1827,連載中(02),2026,冬,奶²
地獄樂 第二季,1826,連載中(14),2026,冬,豌豆&風之聖殿
秘密的偶像公主 第二季,1646,連載中(40),2025,春,雪飄
達爾文事變,1824,連載中(02),2026,冬,
黃金神威 第五季,1823,連載中(02),2026,冬,幻櫻
29歲單身中堅冒險家的日常,1822,連載中(02),2026,冬,SFSub&六四位元
蘑菇魔女,1805,連載中(03),2026,冬,
終究，與你相戀。 第二季,1807,連載中(02),2026,冬,
咒術迴戰 死滅迴游 前篇,1806,連載中(50),2026,冬,
魔都精兵的奴隸 第二季,1802,連載中(02),2026,冬,
「憑妳也想討伐魔王？」被勇者小隊逐出隊伍，只好在王都自在過活,1804,連載中(02),2026,冬,
MF GHOST 燃油車鬥魂 第三季,1784,連載中(03),2026,冬,
厄里斯的聖杯,1803,連載中(02),2026,冬,
透明男子與人類女孩～兩人遲早會成為夫妻～,1801,連載中(02),2026,冬,
判處勇者刑,1785,連載中(02),2026,冬,
無尾熊繪日記,1768,連載中(16),2025,秋,
現在的是哪一個多聞！？,1782,連載中(03),2026,冬,
數碼寶貝BEATBREAK,1776,連載中(14),2025,秋,馴獸師聯盟
【我推的孩子】 第三季,1820,連載中(25),2026,冬,
優雅貴族的休假指南。,1800,連載中(02),2026,冬,
靠死亡遊戲混飯吃。,1797,連載中(02),2026,冬,
貴族轉生～得天眷顧一出生就獲得最強力量～,1799,連載中(02),2026,冬,
泛而不精的我被逐出了勇者隊伍,1781,連載中(03),2026,冬,
安逸領主的愉快領地防衛～用生產系魔術將無名村改造成最強要塞都市～,1798,連載中(02),2026,冬,
從前從前有隻貓！世界喵童話,1773,連載中(14),2025,秋,
阿爾涅事件簿,1796,連載中(02),2026,冬,
午夜的傾心旋律,1793,連載中(02),2026,冬,
身為魔族的我 想向勇者小隊的可愛女孩告白,1795,連載中(02),2026,冬,
異世界的處置依社畜而定,1794,連載中(02),2026,冬,
公主殿下，「拷問」的時間到了 第二季,1819,連載中(13),2026,冬,
青梅竹馬的戀愛喜劇無法成立,1791,連載中(02),2026,冬,
正義使者 -我的英雄學院之非法英雄- 第二季,1792,連載中(15),2026,冬,
藍色管弦樂 第二季,1757,連載中(14),2025,秋,
給不滅的你 第三季,1756,連載中(13),2025,秋,
大江戶烈火殺手 – 鳳凰傳說,1818,連載中(01),2026,冬,
相反的你和我,1817,連載中(01),2026,冬,
神八小妹不可怕,1816,連載中(01),2026,冬,
異國日記,1790,連載中(02),2026,冬,
打工仔的拷問日常,1789,連載中(02),2026,冬,
魔術師庫諾看得見一切,1788,連載中(03),2026,冬,
花樣少年少女,1787,連載中(03),2026,冬,
SI-VIS：英雄之聲,1751,連載中(14),2025,秋,
這裡是充滿笑容的職場。,1758,1-13,2025,秋,晚街與燈
渡同學的××瀕臨崩壞,1703,1-26,2025,夏,
寶可夢 地平線 超級電壓,1670,連載中(122),2025,春,楓葉
輝夜姬想讓人告白 邁向大人的階梯,1783,1,2025,秋,
彈珠汽水瓶裡的千歲同學,1764,連載中(10),2025,秋,
賽馬娘 灰髮灰姑娘,1656,1-23,2025,春/秋,桜都
不動聲色的柏田與喜形於色的太田,1775,1-12,2025,秋,綠茶
王者天下 第六季,1760,1-13,2025,秋,豌豆
一拳超人 第三季,1752,1-12,2025,秋,
魔法公主的小煩惱,1734,1-16,2025,秋,
不擅吸血的吸血鬼,1771,1-12,2025,秋,
SPY×FAMILY間諜家家酒 第三季,1745,1-13,2025,秋,
婚戒物語 第二季,1746,13-25,2025,秋,
娑婆氣,1742,1-13,2025,秋,
桃源暗鬼,1716,1-24,2025,夏,
對我垂涎欲滴的非人少女,1740,1-13,2025,秋,喵萌奶茶屋
WONDANCE—熱舞青春—,1777,1-12,2025,秋,
轉生惡女的黑歷史,1765,1-12,2025,秋,
擁有超常技能的異世界流浪美食家 第二季,1763,1-12,2025,秋,
身為暗殺者的我明顯比勇者還強,1762,1-12,2025,秋,
銀魂 3年Z班銀八老師,1759,1-12,2025,秋,
亂馬 1/2 第二季,1770,13-24,2025,秋,喵萌奶茶屋
胖子與愛情以及過錯！,1761,1-12,2025,秋,
異世界四重奏 第三季,1778,1-11,2025,秋,
小手指同學，請別亂摸,1754,1-12,2025,秋,
轉生後的我成了英雄爸爸和精靈媽媽的女兒,1755,1-12,2025,秋,
Gachiakuta,1700,1-24,2025,夏,
機械女僕·瑪麗,1753,1-12,2025,秋,
朋友的妹妹只纏著我,1750,1-12,2025,秋,
末世二輪之旅,1748,1-12,2025,秋,
貫徹輔助魔法支援弱小隊友的宮廷魔法師，慘遭驅逐後目標成為最強冒險者,1747,1-12,2025,秋,
最後可以再拜託您一件事嗎？,1743,1-13,2025,秋,
野原廣志 午餐的流派,1741,1-12,2025,秋,
差點在迷宮深處被信任的夥伴殺掉，但靠著天賜技能「無限扭蛋」獲得等級9999的夥伴，我要向前隊友和世界展開復仇&「給他們好看！」,1774,1-12,2025,秋,
"<a href=""https://anime1.pw/?cat=54"">罪惡之淵</a>",0,1-8,2025,秋,桜都
阿爾瑪醬想成為家人,1772,1-11,2025,秋,三明治擺爛組
魔法藥水救救我,1738,1-12,2025,秋,
惡食千金與狂血公爵～那個魔物我就美美地享用了！～,1737,1-12,2025,秋,
雙人單身露營,1715,1-24,2025,夏,
永遠的黃昏,1731,1-12,2025,秋,
不中用的前輩。,1767,1-12,2025,秋,
Let’s Play 充滿挑戰的人生,1766,1-12,2025,秋,
妖怪旅館營業中 貳(第二季),1736,1-12,2025,秋,
矢野同學的普通日常,1735,1-12,2025,秋,
素材採集家的異世界旅行記,1733,1-12,2025,秋,
嘆氣的亡靈想隱退,1521,1-24,2024/2025,秋,
野生的大魔王出現了！,1732,1-12,2025,秋,
我的英雄學院 FINAL SEASON(第八季),1744,1-11,2025,秋,
劇場版『鏈鋸人 蕾潔篇』,1779,劇場版,2025,夏,豌豆&風之聖殿
成群結伴！西頓學園,679,1-12+OVA,2020,冬,-
無職英雄：技能什麼的毫無用處,1730,1-12,2025,秋,
學姊是男孩,1484,1-12+13-16,2024,夏,-
最弱技能《果實大師》 ～關於能無限食用技能果實（吃了就會死）這件事～,1610,1-12,2025,冬,
轉生成自動販賣機的我今天也在迷宮徘徊 第二季,1704,1-12,2025,夏,
卡片戰鬥!! 先導者 Divinez 第四季 DELUXE決勝篇,1717,1-12,2025,夏,
涅庫羅諾美子的宇宙恐怖秀,1722,1-12,2025,夏,六四位元
WITCH WATCH 魔女守護者,1638,1-25,2025,春,
Silent Witch 沉默魔女的祕密,1684,1-13,2025,夏,動漫國&桜都
CITY THE ANIMATION,1705,1-13,2025,夏,桜都
新吊帶襪天使 (New PANTY and STOCKING with GARTERBELT),1719,1-13,2025,夏,喵萌奶茶屋
薰香花朵凜然綻放,1721,1-13,2025,夏,喵萌奶茶屋
遊樂場少女的異文化交流,1723,1-12,2025,夏,三明治擺爛組&Pre-S
Summer Pockets,1647,1-26,2025,春,喵萌奶茶屋
鬼人幻燈抄,1622,1-24,2025,春,
殺手旅店,1701,1-13,2025,夏,
琉璃的寶石,1702,1-13,2025,夏,
異世界默示錄麥諾格拉～從毀滅文明開始征服世界～,1697,1-13,2025,夏,
青春豬頭少年不會夢到聖誕服女郎,1694,1-13,2025,夏,
怪獸 8 號 第二季,1690,13-23,2025,夏,
費馬的料理,1692,1-12,2025,夏,
9-nine- 支配者的王冠,1688,1-13,2025,夏,
安妮·雪利,1635,1-24,2025,春,
NUKITASHI 住在拔作島上的我該如何是好？,1720,1-11,2025,夏,
為丑女獻上花束,1683,1-13,2025,夏,
水屬性的魔法師,1682,1-12,2025,夏,
尋神的旅途,1556,1-13,2024,秋,
神椿市建設中。,1680,1-12,2025,夏,
Dr.STONE 新石紀 SCIENCE FUTURE,1590,1-24,2025,冬/夏,
去唱卡拉OK吧！,1724,1-5,2025,夏,
黑化吧！聖女大人,1714,1-12,2025,夏,
轉生為第七王子，隨心所欲的魔法學習之路 第二季,1712,1-12,2025,夏,
盾之勇者成名錄 第四季,1711,1-12,2025,夏,
保齡球少女,1710,1-12,2025,夏,
杜鵑婚約 第二季,1707,1-12,2025,夏,
我們不可能成為戀人！絕對不行。 (※似乎可行？),1709,1-12,2025,夏,
GRAND BLUE 碧藍之海 第二季,1708,1-12,2025,夏,悠哈璃羽
明天，美食廣場見。,1706,1-12,2025,夏,桜都
醜男真戰士,1698,1-12,2025,夏,
出入禁止的鼴鼠,1699,1-12,2025,夏,
噗妮露是可愛史萊姆 第二季,1696,13-24,2025,夏,
地縛少年花子君 第二季,1601,1-24,2025,冬,
公爵千金的家庭教師,1674,1-12,2025,夏,
和雨·和你,1695,1-12,2025,夏,
戀上換裝娃娃 Season 2(第二季),1691,13-24,2025,夏,幻櫻
Bad Girl 不良少女,1693,1-12,2025,夏,桜都
被驅逐出勇者隊伍的白魔導師，被 S 級冒險者撿到,1689,1-12,2025,夏,
氣絕勇者與暗殺公主,1687,1-12,2025,夏,
破爛千金被姊姊的原婚約者溺愛著,1686,1-12,2025,夏,
徹夜之歌 Season 2(第二季),1685,1-12+SP,2025,夏,星空
膽大黨 第二季,1679,1-12,2025,夏,
歡迎光臨流放者食堂！,1681,1-12,2025,夏,
歌聲是法式千層酥,1718,1-10,2025,夏,
為你著迷,1727,1-5,2025,夏,
陰陽迴天 Re:Birth Verse,1678,1-12,2025,夏,
帝乃三姊妹意外地容易相處。,1713,1-12,2025,夏,
出租女友 第四季,1728,1-12,2025,夏,
外星人姆姆,1652,1-24,2025,春,
Clevatess -魔獸之王與嬰兒與屍之勇者-,1677,1-12,2025,夏,
最近的偵探真沒用,1675,1-12,2025,夏,
"<a href=""https://anime1.pw/?cat=52"">做到懷孕為止的婚姻(定孕成婚)</a>",0,1-8,2025,夏,桜都
轉生成貓咪的大叔,1557,1-48,2024,秋,
人妻的嘴唇嚐起來有罐裝沙瓦的味道,1676,1-9,2025,夏,桜都
強者的新傳說,1726,連載中(04),2025,夏,黑白
九龍大眾浪漫,1634,1-13,2025,春,
章魚嗶的原罪,1673,1-6,2025,夏,SweetSub
推理要在晚餐後,1725,1-12,2025,春,櫻桃花
"<a href=""https://anime1.pw/?cat=50"">「只讓你摸1分鐘哦…」分租雅房不能說的祕密規定。</a>",0,1-8,2025,冬,桜都
末日後酒店,1661,1-12,2025,春,喵萌奶茶屋
正義使者 -我的英雄學院之非法英雄-,1648,1-13,2025,春,
華Doll* -Reinterpretation of Flowering-,1654,1-12,2025,春,
LAZARUS 拉撒路,1642,1-13,2025,春,
轉生為白豬貴族的我，運用前世記憶養育雛鳥般的弟弟,1669,1-12,2025,春,
藥師少女的獨語 第二季,1598,25-48,2025,冬,豌豆
歲月流逝飯菜依舊美味,1659,1-12,2025,春,喵萌奶茶屋
mono女孩,1660,1-12,2025,春,桜都
Classic★Stars – 古典樂★之星,1637,1-13,2025,春,
離開A級隊伍的我，和從前的弟子往迷宮深處邁進,1600,1-24,2025,冬,
黑執事 -綠之魔女篇-,1636,1-13,2025,春,豌豆
神統記,1657,1-12,2025,春,
機動戰士Gundam GQuuuuuuX,1667,1-12,2025,春,SweetSub
搖滾樂是淑女的嗜好,1628,1-13,2025,春,
忍者與殺手的兩人生活,1655,1-12,2025,春,喵萌奶茶屋
這是妳與我的最後戰場，或是開創世界的聖戰 Season II (第二季),1505,1-12,2024,夏,
記憶縫線 YOUR FORMA,1624,1-13,2025,春,喵萌奶茶屋
全力兔 第二季,1653,1-12,2025,春,
紫雲寺家的兄弟姊妹,1651,1-12,2025,春,漫貓
受到猩猩之神庇佑的大小姐受到王立騎士團寵愛,1658,1-12,2025,春,六四位元
鄉下大叔成為劍聖,1666,1-12,2025,春,
中禪寺老師妖怪講義錄 解謎就交給老師。,1650,1-12,2025,春,
隨興旅 -That’s Journey-,1618,1-12,2025,春,喵萌奶茶屋
不會拿捏距離的阿波連同學 第二季,1649,1-12,2025,春,喵萌奶茶屋
快藏好！瑪琪娜同學！！,1641,1-12,2025,春,
愛有點沉重的暗黑精靈從異世界緊追不放,1640,1-12,2025,春,
前橋魔女,1639,1-12,2025,春,
魔神創造傳,1602,1-24,2025,冬,
小市民系列 第二季,1662,11-22,2025,春,
搞笑漫畫日和 GO,1633,1-12,2025,春,
持續狩獵史萊姆三百年，不知不覺就練到 LV MAX 第二季,1632,1-12,2025,春,喵萌奶茶屋
拜託請穿上，鷹峰同學,1645,1-12,2025,春,桜都
男女之間存在純友情嗎？（不，不存在！）,1630,1-12,2025,春,
WIND BREAKER—防風少年— 第二季,1629,1-12,2025,春,
瞬間治癒卻被當成廢物踢出隊伍的天才治療師，改當無照治療師快樂過活,1627,1-12,2025,春,
直至魔女消逝,1623,1-12,2025,春,喵萌奶茶屋
來到棒球場捕捉我吧！,1665,1-12,2025,春,六四位元
終末起點,1626,1-12,2025,春,
完美到難以接近的聖女遭到解除婚約後被賣到鄰國,1625,1-12,2025,春,喵萌奶茶屋
使人誤解的工房主～關於原英雄隊伍的雜役人員，實際上除了戰鬥能力外全是SSS的故事～,1621,1-12,2025,春,
吸吸吸吸吸血鬼,1619,1-12,2025,冬,悠哈璃羽
Lycoris Recoil 莉可麗絲：友誼是時間的竊賊,1664,1-6,2025,春,
擊浪青春,1671,劇場版,2024,秋,MCE漢化組
為美好的世界獻上祝福！ 第三季,1455,1-11+12-13,2024,春,
卡片戰鬥!! 先導者 Divinez 第三季 DELUXE篇,1613,1-13,2025,冬,
無法抑制之情是否喚作愛,1668,連載中(01),2025,春,秋人
青春之箱,1549,1-25,2024,秋,喵萌奶茶屋
我的幸福婚約 第二季,1616,1-13,2025,冬,喵萌奶茶屋
地。-關於地球的運動-,1561,1-25,2024,秋,喵萌奶茶屋
Unnamed Memory 無名記憶 Act.2(第二季),1611,13-24,2025,冬,喵萌奶茶屋
神之塔 第二季,1507,1-26,2024,夏,喵萌奶茶屋
灰色：幻影扳機,539,1-3,2019,冬,喵萌奶茶屋
劇場總集篇 孤獨搖滾！Re:Re:,1644,劇場版,2024,夏,千夏
劇場總集篇 孤獨搖滾！Re,1643,劇場版,2024,春,千夏
小市民系列,1496,1-10,2024,夏,
UniteUp! 眾星齊聚 -Uni:Birth- (第二季),1599,1-12,2025,冬,
凍牌～地下麻將鬥牌錄～,1540,1-25,2024,秋,喵萌奶茶屋
全修。,1604,1-12,2025,冬,喵萌奶茶屋
天久鷹央的推理病歷表,1575,1-12,2025,冬,
秘密的美妙公主,1465,1-51,2024,春,雪飄
魔法製造者～異世界魔法的製作方法～,1609,1-12,2025,冬,幻櫻
金牌得主,1605,1-13,2025,冬,喵萌奶茶屋
MOMENTARY LILY 剎那之花,1577,1-13+14,2025,冬,
金肉人 完美超人始祖篇 第二季,1607,1-11,2025,冬,
超超超超超喜歡你的100個女朋友 第二季,1603,13-24,2025,冬,
香格里拉·開拓異境～糞作獵手挑戰神作～ 第二季,1563,1-25,2024,秋,
魔法使光之美少女！！～MIRAI DAYS～,1614,1-12,2025,冬,雪飄
我獨自升級 第二季 -起於闇影-,1582,1-13,2025,冬,
我與尼特女忍者的莫名同居生活,1583,1-12+13,2025,冬,
我是星際國家的惡德領主,1620,連載中(03),2025,春,
異修羅 第二季,1606,1-12,2025,冬,喵萌奶茶屋
青之壬生浪,1566,1-24,2024,秋,
雖然是公會的櫃檯小姐，但因為不想加班所以打算獨自討伐迷宮頭目,1597,1-12,2025,冬,
歡迎來到日本，妖精小姐。,1595,1-12,2025,冬,
FARMAGIA 魔農傳記,1594,1-12,2025,冬,
一兆＄遊戲,1533,1-26,2024,秋,
終究，與你相戀。,1593,1-12,2025,冬,
中年大叔轉生反派千金,1592,1-12,2025,冬,
BanG Dream! Ave Mujica,1576,1-13,2025,冬,喵萌奶茶屋
不幸職業【鑑定士】其實是最強的,1591,1-12,2025,冬,
青春特調蜂蜜檸檬蘇打,1589,1-12,2025,冬,
Re:從零開始的異世界生活 第三季,1525,1-16,2024,秋,
群花綻放、彷如修羅,1588,1-12,2025,冬,桜都
結緣甘神神社,1523,1-24,2024,秋,
妖怪學校的菜鳥老師！,1560,1-24,2024,秋,
這公司有我喜歡的人,1587,1-12,2025,冬,
魔法使的約定,1586,1-12,2025,冬,
寶可夢 地平線 烈空坐之升龍崛起,1567,68-89,2024,秋,楓葉
中年男的異世界網購生活,1615,連載中(10),2025,冬,黑白
我想蹺掉太子妃培訓,1585,1-12,2025,冬,
SAKAMOTO DAYS 坂本日常,1612,1-11,2025,冬,北宇治
在沖繩喜歡上的女孩方言講得太過令人困擾,1581,1-12,2025,冬,桜都
青之驅魔師 終夜篇,1584,1-12,2025,冬,豌豆
我和班上最討厭的女生結婚了。,1580,1-12,2025,冬,
一桿青空,1579,1-12,2025,冬,
黃昏旅店,1578,1-12,2025,冬,喵萌奶茶屋
神劍闖江湖 ―明治劍客浪漫譚― 京都動亂 (第二季),1534,1-23,2024,秋,
遲早是最強的鍊金術師？,1573,1-12,2025,冬,
平凡上班族到異世界當上了四天王的故事,1574,1-12,2025,冬,
S級怪獸《貝希摩斯》被誤認成小貓，成為精靈女孩的騎士（寵物）一起生活,1571,1-12,2025,冬,
七龍珠大魔,1569,1-20,2024,秋,幻櫻
在地下城尋求邂逅是否搞錯了什麼 V 豐饒女神篇 (第五季),1528,1-15,2024,秋,
平凡職業造就世界最強 第三季,1564,1-16,2024,秋,
Wonderful 光之美少女！,1416,1-50,2024,冬,雪飄
夏目友人帳 漆,1568,1-12,2024,秋,千夏
星辰墜落之國的妮娜,1596,1-12,2024,秋,-
FAIRY TAIL魔導少年 百年任務,1499,1-25,2024,夏,
蜻蛉高球,1438,1-26,2024,春/秋,
常軌脫離Creative,1541,1-12,2024,秋,MCE漢化組
鴨乃橋論的禁忌推理 第二季,1558,14-26,2024,秋,
悲喜漁生,1527,1-12,2024,秋,-
恰如細語般的戀歌,1463,1-12,2024,春,
魔王 2099,1562,1-12,2024,秋,
BLUE LOCK 藍色監獄 VS. U-20 日本代表隊 (第二季),1545,1-14,2024,秋,
BLEACH 死神 千年血戰篇-相剋譚-,1543,1-14,2024,秋,豌豆&風之聖殿
重啟人生的千金小姐正在攻略龍帝陛下,1565,1-12,2024,秋,六四位元
戰國妖狐 千魔混沌篇,1478,14-35,2024,夏,喵萌奶茶屋
新網球王子 U-17 世界盃 SEMIFINAL,1526,1-13,2024,秋,
精靈幻想記 第二季,1559,1-12,2024,秋,
唯願來世不相識,1555,1-12,2024,秋,
Love Live! Superstar!! 第三季,1554,1-12,2024,秋,
亂馬 1/2,1550,1-12,2024,秋,喵萌奶茶屋
神選 GOD.app 第二季,1542,13-24,2024,秋,喵萌奶茶屋
轉生貴族憑鑑定技能扭轉人生 第二季,1520,1-12,2024,秋,
MF GHOST 燃油車鬥魂 第二季,1553,1-12,2024,秋,
噗妮露是可愛史萊姆,1552,1-12,2024,秋,
魔法光源股份有限公司,1548,1-12,2024,秋,
被逐出隊伍的治癒師，其實是最強,1546,1-12,2024,秋,
女僕冥土小姐,1544,1-12,2024,秋,
青之驅魔師 雪之盡頭篇,1547,1-12,2024,秋,豌豆
當不成魔法師的女孩,1535,1-12,2024,秋,
去參加聯誼，卻發現完全沒有女生在場,1539,1-12,2024,秋,
偶像大師 閃耀色彩 第二季,1537,1-12,2024,秋,
刀劍神域外傳Gun Gale Online II (第二季),1538,1-12,2024,秋,
百姓貴族 第二季,1536,1-12,2024,秋,
再見龍生，你好人生,1531,1-12,2024,秋,
機械臂,1532,1-12,2024,秋,
聽說你們要結婚！？,1529,1-12,2024,秋,
膽大黨,1530,1-12,2024,秋,
最狂輔助職業【話術士】世界最強戰團聽我號令,1522,1-12,2024,秋,
妻子變成小學生。,1551,1-12,2024,秋,喵萌奶茶屋
魔王陛下，RETRY！R(重來吧，魔王大人！ R) 第二季,1519,1-12,2024,秋,
2.5次元的誘惑,1485,1-24,2024,夏,
孤單一人的異世界攻略,1518,1-12,2024,秋,
Acro Trip 頂尖惡路,1524,1-12,2024,秋,
"<a href=""https://anime1.pw/?cat=47"">大正虛假新娘～替身新娘與軍人的猛烈熱愛～</a>",0,1-8,2024,秋,桜都
TRUMP 系列 Delicoʼs Nursery,1514,1-13,2024,夏,喵萌奶茶屋
女神咖啡廳 第二季,1508,13-24,2024,夏,喵萌奶茶屋
放學後少年花子君,1367,1-8,2023/2024,秋,MCE漢化組
我的幸福婚約,1264,1-12+OAD,2023,夏,喵萌奶茶屋
異世界失格,1513,1-12,2024,夏,-
DDDD 惡魔的破壞,1516,0-17,2024,夏,Billion Meta Lab
搖曳露營△ SEASON3(第三季),1429,1-12+SP1-3,2024,春,
物語系列 第外季＆第怪季,1494,1-14,2024,夏,桜都
精靈小姐瘦不了,1495,1-12+SP1-2,2024,夏,
雙生戀情密不可分,1511,1-12,2024,夏,喵萌奶茶屋
寶可夢 地平線 太晶化初登場,1467,46-67,2024,春,楓葉
我的英雄學院 第七季,1439,1-21+SP1-4,2024,春,
卡片戰鬥!! 先導者 Divinez 第二季,1490,1-13,2024,夏,
【我推的孩子】 第二季,1477,12-24,2024,夏,
夜櫻家大作戰,1443,1-27,2024,春,
ATRI -My Dear Moments-,1497,1-13,2024,夏,
"<a href=""https://anime1.pw/?cat=45"">夜遊生活！</a>",0,1-8,2024,夏,桜都
殺手寓言,1449,1-25,2024,春,幻櫻
變成菜變成花(少女如草花綻放),1512,1-12,2024,夏,桜都
狼與辛香料 MERCHANT MEETS THE WISE WOLF,1428,1-25,2024,春,桜都
杖與劍的魔劍譚,1498,1-12,2024,夏,
敗北女角太多了！,1510,1-12,2024,夏,
擅長逃跑的殿下,1493,1-12,2024,夏,
為何我的世界被遺忘了？,1509,1-12,2024,夏,
天穗之咲稻姬,1491,1-13,2024,夏,
關於我轉生變成史萊姆這檔事 第三季,1421,1-24,2024,春,
這個世界漏洞百出,1487,1-13,2024,夏,
尼爾：自動人形 Ver1.1a,1179,1-24,2023/2024,冬/夏,喵萌奶茶屋
地下城中的人,1486,1-12,2024,夏,
現代誤譯,1506,1-12,2024,夏,
靠廢柴技能【狀態異常】成為最強的我將蹂躪一切,1482,1-12,2024,夏,
義妹生活,1489,1-12,2024,夏,撥雪尋春
曾經、魔法少女和邪惡相互為敵。,1503,1-12,2024,夏,
哎咕島消失的舔甜歌姬,1504,1-12,2024,夏,
新人大叔冒險者，被最強隊伍操到死成無敵,1475,1-12,2024,夏,
SHY 靦腆英雄 第二季,1474,13-24,2024,夏,
深夜重拳,1470,1-12,2024,夏,
金肉人 完美超人始祖篇,1502,1-11,2024,夏,
身為VTuber的我因為忘記關台而成了傳說,1500,1-12,2024,夏,
拉麵赤貓,1483,1-12,2024,夏,極影
模擬後宮體驗,1481,1-12,2024,夏,
我要【招架】一切～反誤解的世界最強想成為冒險家～,1479,1-12,2024,夏,
黃昏光影,1480,1-12,2024,夏,
鹿乃子乃子乃子虎視眈眈,1488,1-12,2024,夏,SweetSub
不時輕聲地以俄語遮羞的鄰座艾莉同學,1476,1-12,2024,夏,喵萌奶茶屋
異世界悠閒紀行～邊養娃邊當冒險者～,1501,1-12,2024,夏,
我的妻子不具感情,1473,1-12,2024,夏,
從路人角色開始的探索英雄譚,1492,1-12,2024,夏,喵萌奶茶屋
魔王軍最強的魔術師是人類,1471,1-12,2024,夏,
異世界自殺突擊隊,1472,1-10,2024,夏,悠哈璃羽
雀魂 KANG!!,1515,1-13,2024,春,桜都
魔王學院的不適任者～史上最強的魔王始祖，轉生就讀子孫們的學校～ 第二季,1183,1-24,2023/2024,冬/春,
失憶投捕,1452,1-12,2024,春,
Girls Band Cry,1440,1-13,2024,春,喵萌奶茶屋
鬼滅之刃 柱訓練篇,1468,1-8,2024,春,
隊長小翼Season2 青少年篇,1315,1-39,2023,秋,
吹響吧！上低音號 第三季,1448,1-13,2024,春,
無職轉生II～到了異世界就拿出真本事～ (第二季),1270,0-24,2023/2024,夏/春,喵萌奶茶屋
怪異與少女與神隱,1459,1-12,2024,春,喵萌奶茶屋
Unnamed Memory 無名記憶,1458,1-12,2024,春,喵萌奶茶屋
終末的火車前往何方？,1427,1-12,2024,春,喵萌奶茶屋
THE NEW GATE,1462,1-12,2024,春,
怪獸 8 號,1461,1-12,2024,春,
魔法科高中的劣等生 第三季,1435,1-13,2024,春,
WIND BREAKER—防風少年—,1431,1-13,2024,春,
格鬥實況,1457,1-12,2024,春,
約會大作戰 V (第五季),1456,1-12,2024,春,
聲優廣播的幕前幕後,1454,1-12,2024,春,喵萌奶茶屋
RINKAI！女子競輪,1453,1-12,2024,春,
花野井同學與戀愛病,1451,1-12,2024,春,
從Lv2開始開外掛的前勇者候補過著悠哉異世界生活,1450,1-12,2024,春,
我回來了、歡迎回家,1464,1-12,2024,春,幻櫻
月光下的異世界之旅 第二幕 (第二季),1393,1-25,2024,冬,
神明渴求著遊戲。,1422,1-13,2024,春,
轉生貴族憑鑑定技能扭轉人生,1447,1-12,2024,春,
蔚藍檔案 The Animation,1446,1-12,2024,春,
死神少爺與黑女僕 第三季,1444,1-12,2024,春,
"<a href=""https://anime1.pw/?cat=43"">明明只是個煙霧彈配角，卻得到完美王子的寵愛。</a>",0,1-8,2024,春,桜都
夜晚的水母不會游泳,1442,1-12,2024,春,喵萌奶茶屋
黑執事 -寄宿學校篇-,1460,1-11,2024,春,
單人房、日照一般、附天使。,1425,1-12,2024,春,喵萌奶茶屋
極速星舞,1437,1-12,2024,春,
偶像大師 閃耀色彩,1436,1-12,2024,春,
星際莊的戀愛日記,1434,1-12,2024,春,
Love Live！虹咲學園 學園偶像同好會 短篇動畫(虹咲四格) 第二季,1433,1-12,2024,春,喵萌奶茶屋
福星小子(她來自煩星) 第二季,1404,1-23,2024,冬,喵萌奶茶屋
怪人的沙拉碗,1432,1-12,2024,春,
王牌酒保 Glass of God,1426,1-12,2024,春,悠哈璃羽
轉生為第七王子，隨心所欲的魔法學習之路,1424,1-12,2024,春,
Re：Monster,1423,1-12,2024,春,
老夫老妻重返青春,1445,1-11,2024,春,桜都
迷宮飯,1374,1-24,2024,冬,幻櫻
身為魔王的我娶了奴隸精靈為妻，該如何表白我的愛？,1430,1-12,2024,夏,喵萌奶茶屋
寶可夢 地平線 太樂巴戈斯的光輝,1362,26-45,2023,秋,楓葉
忍者神威,1419,1-13,2024,冬,喵萌奶茶屋
鈴芽之旅,1466,劇場版,2022,秋,喵萌奶茶屋
卡片戰鬥!! 先導者 Divinez,1409,1-13,2024,冬,
詐騙之王 razbliuto(大欺詐師),1418,1-4,2024,冬,SweetSub
BUCCHIGIRI?!,1412,1-12,2024,冬,喵萌奶茶屋
王者天下 第五季,1413,1-13,2024,冬,豌豆
小酒館 Basue,1408,1-13,2024,冬,
大室家 dear sisters,1441,劇場版,2024,冬,喵萌奶茶屋
魔女與野獸,1406,1-12,2024,冬,
金屬口紅 Metallic Rouge,1401,1-13,2024,冬,喵萌奶茶屋
SYNDUALITY Noir,1300,1-24,2023/2024,夏/冬,喵萌奶茶屋
戰國妖狐,1399,1-13,2024,冬,喵萌奶茶屋
香格里拉·開拓異境～糞作獵手挑戰神作～,1312,1-25,2023,秋,動漫國
小不點,1351,1-24,2023,秋,
肌肉魔法使-MASHLE- 神覺者候補選拔試驗篇(第二季),1383,1-12,2024,冬,
狩龍人拉格納,1309,1-24,2023,秋,
我獨自升級,1384,1-12,2024,冬,
我內心的糟糕念頭 第二季,1386,1-13,2024,冬,喵萌奶茶屋
治癒魔法的錯誤使用法,1377,1-13,2024,冬,
最弱魔物使開始了撿垃圾之旅。,1407,1-12,2024,冬,喵萌奶茶屋
月刊妄想科學,1405,1-12,2024,冬,
名湯「異世界溫泉」開拓記～30多歲溫泉狂熱者，轉生到悠閒的溫泉天國～,1403,1-12,2024,冬,
勇氣爆發 Bang Bravern,1402,1-12,2024,冬,
藥師少女的獨語,1361,1-24,2023,秋,喵萌奶茶屋
如果30歲還是處男，似乎就能成為魔法師,1400,1-12,2024,冬,喵萌奶茶屋
憧憬成為魔法少女,1371,1-13,2024,冬,桜都
弱角友崎同學 2nd STAGE (第二季),1369,1-13,2024,冬,
歡迎來到實力至上主義的教室 3rd Season (第三季),1370,1-13,2024,冬,
外科醫生愛麗絲(女王的手術刀),1398,1-12,2024,冬,
北海道辣妹金古錐,1397,1-12,2024,冬,喵萌奶茶屋
反派千金等級99～我是隱藏頭目但不是魔王～,1396,1-12,2024,冬,
愚蠢天使與惡魔共舞,1394,1-12,2024,冬,
公主殿下，「拷問」的時間到了,1395,1-12,2024,冬,
HIGH CARD 至高之牌 第二季,1392,1-12,2024,冬,
休假的壞人先生,1391,1-12,2024,冬,
輪迴七次的惡役千金，在前敵國享受隨心所欲的新婚生活,1389,1-12,2024,冬,
因為不是真正的夥伴而被逐出勇者隊伍，流落到邊境展開慢活人生 2nd (第二季),1390,1-12,2024,冬,LoliHouse
青之驅魔師 島根啟明結社篇,1385,1-12,2024,冬,豌豆
最強肉盾的迷宮攻略～擁有稀少技能體力9999的肉盾，被勇者隊伍辭退了～,1387,1-12,2024,冬,
烈焰先鋒 救國的橘衣消防員,1308,1-23,2023,秋,
指尖相觸，戀戀不捨,1382,1-12,2024,冬,
婚戒物語,1381,1-12,2024,冬,
碰之道,1380,1-12,2024,冬,
百千家的妖怪王子,1379,1-12,2024,冬,
不死不運,1340,1-24,2023,秋,
異修羅,1378,1-12,2024,冬,喵萌奶茶屋
葬送的芙莉蓮,1307,1-28,2023,秋,
佐佐木與文鳥小嗶,1375,1-12,2024,冬,喵萌奶茶屋
非自願的不死冒險者,1376,1-12,2024,冬,
秒殺外掛太強了，異世界的傢伙們根本就不是對手。,1373,1-12,2024,冬,
魔都精兵的奴隸,1372,1-12,2024,冬,
愛犬訊號,1360,1-20,2023,秋,
狩火之王 第二季,1410,1-10,2024,冬,
"<a href=""https://anime1.pw/?cat=41"">掙扎吧，亞當君</a>",0,1-8,2024,冬,桜都
歡迎來到駒田蒸餾所,1417,劇場版,2023,秋,喵萌奶茶屋
豬肝記得煮熟再吃,1349,1-12,2023,秋,
伸向天空！光之美少女,1208,1-50,2023,冬,雪飄
MONSTERS 一百三情飛龍侍極,1414,1,2024,冬,
川越男子歌唱團,1355,1-12,2023,秋,-
GOOD NIGHT WORLD,1411,1-12,2023,秋,漫貓
靠著魔法藥水在異世界活下去！,1358,1-12,2023,秋,喵萌奶茶屋
留級魔女 風嘉與闇之魔女,1388,劇場版,2023,冬,MCE漢化組
星靈感應,1354,1-12,2023,秋,喵萌奶茶屋
神選 GOD.app,1332,1-12,2023,秋,喵萌奶茶屋
青春豬頭少年不會夢到嬌憐外出妹,1366,劇場版,2023,春,動漫國
鐵路浪漫譚2(第二季),1357,1-13,2023,秋,澄空學園
家裡蹲吸血姬的鬱悶,1343,1-12,2023,秋,
催眠麥克風 -Division Rap Battle- Rhyme Anima +(第二季),1339,1-13,2023,秋,
咒術迴戰 第二季,1281,25-47,2023,夏,豌豆&風之聖殿
16bit 的感動 ANOTHER LAYER,1331,1-13,2023,秋,SweetSub
賽馬娘Pretty Derby Season 3(第三季),1329,1-13,2023,秋,桜都
小邪神飛踢(邪神與廚二病少女) 世紀末篇,1365,OVA,2023,秋,幻櫻
偶像大師 百萬人演唱會！,1356,1-12,2023,秋,動漫國
Paradox Live THE ANIMATION,1325,1-12,2023,秋,
殭屍100～在成為殭屍前要做的100件事～,1290,1-12,2023,夏,
屍體如山的死亡遊戲,1246,1-24,2023,春,
鴨乃橋論的禁忌推理,1318,1-13,2023,秋,
米奇與達利 惡童物語,1317,1-13,2023,秋,
希望的力量～大人光之美少女'23～,1353,1-12,2023,秋,WBX-SUB&雪飄
黑暗集會,1291,1-25,2023,夏,
我們的雨色協議,1350,1-12,2023,秋,
超超超超超喜歡你的100個女朋友,1352,1-12,2023,秋,千夏&喵萌奶茶屋
重生者的魔法一定要特別,1348,1-12,2023,秋,
破滅的王國,1341,1-12,2023,秋,
我的新上司是天然呆,1346,1-12,2023,秋,
女朋友 and 女朋友 (女友成雙) 第二季,1342,1-12,2023,秋,
堤亞穆帝國物語～從斷頭台開始，公主重生後的逆轉人生～,1347,1-12,2023,秋,
世界盡頭的聖騎士 鐵鏽之山的君王(第二季),1345,1-12,2023,秋,
SPY×FAMILY間諜家家酒 第二季,1344,1-12,2023,秋,桜都
盾之勇者成名錄 第三季,1337,1-12,2023,秋,桜都
哥布林殺手II(第二季),1336,1-12,2023,秋,
位於戀愛光譜極端的我們,1338,1-12,2023,秋,
地下忍者,1335,1-12,2023,秋,
聖魔大戰 BIKKURI-MEN,1333,1-12,2023,秋,
柚木家的四兄弟。,1334,1-12,2023,秋,
大小姐與看門狗,1306,1-13,2023,秋,
Dr.STONE 新石紀 NEW WORLD,1232,1-22,2023,春/秋,豌豆&風之聖殿
魔法使的新娘 SEASON2(第二季),1230,1-24,2023,春/秋,動漫國/星空
想當冒險者前往都市的女兒成為S級,1305,1-13,2023,秋,
絆之Allele 第二季,1330,13-24,2023,秋,-
BULLBUSTER,1327,1-12,2023,秋,
撿走被人悔婚的千金，教會她壞壞的幸福生活,1326,1-12,2023,秋,
我想成為影之強者！ 2nd season(第二季),1328,1-12,2023,秋,桜都
勇者赫魯庫,1294,1-24,2023,夏,喵萌奶茶屋
聖女魔力無所不能 第二季,1324,1-12,2023,秋,
B-PROJECT ～熱烈＊Love Call～,1323,1-12,2023,秋,
我的推是壞人大小姐。,1319,1-12,2023,秋,
某大叔的VRMMO活動記,1321,1-12,2023,秋,
聖劍學院的魔劍使,1322,1-12,2023,秋,
SHY 靦腆英雄,1320,1-12,2023,秋,
MF GHOST 燃油車鬥魂,1310,1-12,2023,秋,
暴食狂戰士～唯有我突破了所謂「等級」的概念～,1316,1-12,2023,秋,
OVERTAKE！,1314,1-12,2023,秋,
凹凸魔女的親子日常,1313,1-12,2023,秋,
神劍闖江湖 ―明治劍客浪漫譚―,1280,1-24,2023,夏,
"<a href=""https://anime1.pw/?cat=38"">秘密任務～潛入搜查官絕對不會輸！～</a>",0,1-8,2023,秋,桜都
我內心的糟糕念頭,1212,1-12+SP,2023,春,喵萌奶茶屋
明日方舟 冬隱歸路(第二季),1359,1-8,2023,秋,-
妙廟美少女,1287,1-12+13,2023,夏,
進擊的巨人 The Final Season(第四季),739,1-30,2020/2022,2020秋/2022冬,豌豆
關於我轉生變成史萊姆這檔事 柯里烏斯之夢,1363,1-3,2023,秋,-
寶可夢 地平線 莉可與羅伊的啟程,1260,1-25,2023,春,楓葉
七魔劍支配天下,1298,1-15,2023,夏,
藍色管弦樂,1254,1-24,2023,春,動漫國
EDENS ZERO 第二季,1218,1-25,2023,春,動漫國
卡片戰鬥!! 先導者 will+Dress 第三季,1286,1-13,2023,夏,
異世界一擊殺姊姊 ～姊姊同伴的異世界生活開始了～,1311,1-12,2023,春,-
BLEACH 死神 千年血戰篇-訣別譚-,1285,1-13,2023,夏,豌豆&風之聖殿
其實，我乃最強？,1269,1-12,2023,夏,
能幹貓今天也憂鬱,1284,1-13,2023,夏,
AI電子基因,1283,1-12,2023,夏,SweetSub
白聖女與黑牧師,1296,1-12,2023,夏,
不死少女的謀殺鬧劇,1278,1-13,2023,夏,喵萌奶茶屋
打工吧！！魔王大人 第二季,1095,1-24,2022,夏,動漫國
獻祭公主與獸王,1261,1-24,2023,春,喵萌奶茶屋
我喜歡的女孩忘記戴眼鏡,1277,1-13,2023,夏,幻櫻
公司的小小前輩,1272,1-12,2023,夏,
妖幻三重奏,1195,1-12,2023,冬,極影
死神少爺與黑女僕 第二季,1293,1-12,2023,夏,
英雄教室,1292,1-12,2023,夏,
堀與宮村 -piece-,1266,1-13,2023,夏,
總之就是很可愛 第二季,1238,1-16,2023,春,桜都
MIX 第二季 ~第二個夏天，邁向晴空~,1214,1-24,2023,春,
雖然等級只有1級但固有技能是最強的,1289,1-12,2023,夏,
成為悲劇元凶的最強異端，最後頭目女王為了人民犧牲奉獻,1279,1-12,2023,夏,
銀砂糖師與黑妖精～sugar apple fairy tale～,1175,1-24,2023,冬/夏,喵萌奶茶屋
聖者無雙～上班族的異世界生存之道～,1282,1-12,2023,夏,
間諜教室 第二季,1297,13-24,2023,夏,喵萌奶茶屋
文豪野犬 (文豪Stray Dogs) 第五季,1299,1-11,2023,夏,幻櫻
物之古物奇譚,1193,1-24,2023,冬/夏,-
滿懷美夢的少年是現實主義者,1276,1-12,2023,夏,
政宗君的復仇R (第二季),1273,1-12,2023,夏,
Lv1魔王與獨居廢勇者,1274,1-12,2023,夏,
幻日夜羽 -鏡中暉光-,1263,1-13,2023,夏,極影
AYAKA ‐綾島奇譚‐,1268,1-12,2023,夏,
萊莎的鍊金工房 ～常闇女王與秘密藏身處～,1267,1-12,2023,夏,
謊言遊戲,1288,1-12,2023,夏,
BanG Dream! It’s MyGO!!!!!,1265,1-13,2023,夏,喵萌奶茶屋
轉生成自動販賣機的我今天也在迷宮徘徊,1302,連載中(10),2023,夏,
五等分的新娘 特別篇,1303,1-2,2023,夏,星空
甜點轉生,1275,1-12,2023,夏,
"<a href=""https://anime1.pw/?cat=36"">夫婦交歡～回不去的夜晚～</a>",0,1-8,2023,夏,桜都
出租女友 第三季,1295,25-36,2023,夏,喵萌奶茶屋
女神咖啡廳,1253,1-12,2023,春,喵萌奶茶屋
THE MARGINAL SERVICE,1256,1-12,2023,春,動漫國
刀劍神域劇場版 -Progressive- 陰沉薄暮的詼諧曲,1301,劇場版,2022,秋,動漫國
"<a href=""https://anime1.pw/?cat=34"">為漣蒼士獻上純潔</a>",0,1-8,2023,春,桜都
在無神世界裡進行傳教活動,1240,1-12,2023,春,桜都
放學後失眠的你,1249,1-13,2023,春,喵萌奶茶屋
Fate/strange Fake -Whisper of Dawn-,1271,1,2023,夏,
機動戰士鋼彈 水星的魔女 Season 2,1242,13-24,2023,春,喵萌奶茶屋
地獄樂,1224,1-13,2023,春,豌豆&風之聖殿
肌肉魔法使-MASHLE-,1236,1-12,2023,春,
不知內情的轉學生不管三七二十一纏了上來。,1250,1-13,2023,春,幻櫻
偶像大師 灰姑娘女孩 U149,1228,1-12,2023,春,喵萌奶茶屋
在異世界獲得超強能力的我，在現實世界照樣無敵～等級提升改變人生命運～,1222,1-13,2023,春,
魔術士歐菲 流浪之旅 聖域篇(第四季),1248,1-12,2023,春,
【我推的孩子】,1247,1-11,2023,春,星空
黃金神威 第四季,1121,1-13,2022,秋,幻櫻
World Dai Star,1252,1-12,2023,春,喵萌奶茶屋
Love Live！虹咲學園 學園偶像同好會 短篇動畫(虹咲四格),1172,1-15,2023,冬,喵萌奶茶屋
她去公爵家的理由,1245,1-12,2023,春,
魔法少女毀滅者,1258,1-12,2023,春,北宇治
天國大魔境,1225,1-13,2023,春,SweetSub
可愛過頭大危機,1239,1-12,2023,春,喵萌奶茶屋
第二次被異世界召喚,1243,1-12,2023,春,
鄰人似銀河,1241,1-12,2023,春,LoliHouse
和山田談場Lv999的戀愛,1215,1-13,2023,春,喵萌奶茶屋
躍動青春,1234,1-12,2023,春,喵萌奶茶屋
江戶前精靈,1237,1-12,2023,春,
小鳥之翼 第二季,1235,1-12,2023,春,
六道的惡女們,1257,1-12,2023,春,六道我大鴿漢化組
勇者死了！,1231,1-12,2023,春,
Opus.COLORs 色彩高校星,1233,1-12,2023,春,
百合是我的工作！,1229,1-12,2023,春,喵萌奶茶屋
海盜戰記 SEASON 2 (第二季),1197,1-24,2023,冬,豌豆
為美好的世界獻上爆焰！,1227,1-12,2023,春,桜都
久保同學不放過我,1199,1-12,2023,冬,愛戀&漫貓
東京喵喵 NEW～♡ 第二季,1226,1-12,2023,春,-
絆之Allele,1223,1-12,2023,春,-
機戰少女 Alice Expansion,1220,1-12,2023,春,-
帶著智慧型手機闖蕩異世界。 第二季,1221,1-12,2023,春,-
熊熊勇闖異世界 PUNCH！(第二季),1219,1-12,2023,春,桜都
我與機器子,1156,1-28,2022,秋,-
轉生貴族的異世界冒險錄～不知自重的眾神使徒～,1216,1-12,2023,春,喵萌奶茶屋
鬼滅之刃 刀匠村篇,1244,1-11,2023,春,豌豆&風之聖殿
我家的英雄,1217,1-12,2023,春,
國王排名 勇氣的寶箱,1251,1-10,2023,春,
賽馬娘Pretty Derby Road to the Top,1255,1-4,2023,春,-
鏡之孤城,1259,劇場版,2022,秋,
怕痛的我，把防禦力點滿就對了 第二季,1201,1-12,2023,冬,愛戀&貓戀
UniteUp! 眾星齊聚,1181,1-12,2023,冬,喵萌奶茶屋
無意間變成狗，被喜歡的女生撿回家。,1162,1-12+OVA1-2,2023,冬,幻櫻
魔術士歐菲 流浪之旅 阿邦拉瑪篇 (第三季),1207,1-12,2023,冬,-
REVENGER,1196,1-12,2023,冬,動漫國
輝夜姬想讓人告白 永不結束的初吻,1213,1-4,2022,秋,
再得一勝！,1189,1-13,2023,冬,動漫國
最強陰陽師的異世界轉生記,1198,1-13,2023,冬,-
卡片戰鬥!! 先導者 will+Dress 第二季,1205,1-12,2023,冬,-
文豪野犬 (文豪Stray Dogs) 第四季,1166,1-13,2023,冬,幻櫻
真·進化果實～不知不覺踏上勝利的人生～ (第二季),1204,1-12,2023,冬,-
Buddy Daddies 殺手奶爸,1173,1-12,2023,冬,-
間諜教室,1168,1-12,2023,冬,喵萌奶茶屋
小智是女孩啦！,1165,1-13,2023,冬,極影
弦音 -連結的一射- (第二季),1167,1-13,2023,冬,星空
TechnoRoid 超越意志,1164,1-12,2023,冬,-
擁有超常技能的異世界流浪美食家,1200,1-12,2023,冬,-
搖曳馬娘,1146,1-24,2022,秋,MCE漢化組
英雄王，為了窮盡武道而轉生～而後成為世界最強見習騎士♀～,1194,1-12,2023,冬,喵萌奶茶屋
呆萌酷男孩,1140,1-24,2022,秋,幻櫻
吸血鬼馬上死 第二季,1192,1-12,2023,冬,-
數碼寶貝幽靈遊戲,965,1-67,2021,秋,馴獸師聯盟
萬事屋齋藤先生轉生異世界,1191,1-12,2023,冬,喵萌奶茶屋
D4DJ All Mix (第二季),1190,1-12,2023,冬,喵萌奶茶屋
眾神眷顧的男人 第二季,1188,1-12,2023,冬,-
虛構推理 Season2 (第二季),1187,1-12,2023,冬,漫貓
BLUE LOCK 藍色監獄,1135,1-24,2022,秋,-
TRIGUN STAMPEDE,1180,1-12,2023,冬,-
艦隊Collection 總有一天，在那片海,1152,1-8,2022,秋,NGA&桜都
我的英雄學院 第六季,1112,1-25,2022,秋,-
為了養老金去異界存八萬金,1185,1-12,2023,冬,-
被解雇的暗黑士兵（30多歲）開始了慢生活的第二人生,1182,1-12,2023,冬,-
關於我在無意間被隔壁的天使變成廢柴這件事,1178,1-12,2023,冬,星空
"<a href=""https://anime1.pw/?cat=32"">ShowTime！唱歌的大姐姐也想做 第二季</a>",0,1-8,2023,冬,桜都
傲嬌反派千金莉潔洛特與實況主遠藤同學及解說員小林同學,1177,1-12,2023,冬,-
異世界悠閒農家,1174,1-12,2023,冬,-
阿魯斯的巨獸,1176,1-12,2023,冬,桜都
英雄傳說 閃之軌跡：北方戰役,1171,1-12,2023,冬,幻櫻
關於我轉生變成史萊姆這檔事劇場版 紅蓮之絆篇,1210,劇場版,2022,秋,
不當哥哥了！,1169,1-12,2023,冬,SweetSub
冰劍的魔術師將要統一世界,1170,1-12,2023,冬,-
福星小子(她來自煩星),1145,1-23,2022,秋,喵萌奶茶屋
大雪海的凱納,1203,1-11,2023,冬,極影
轉生公主與天才千金的魔法革命,1161,1-12,2023,冬,喵萌奶茶屋
不相信人類的冒險者們好像要去拯救世界,1160,1-12,2023,冬,悠哈璃羽
冰屬性男子與無表情女子,1163,1-12,2023,冬,悠哈璃羽
不要欺負我，長瀞同學 2nd Attack (第二季),1184,1-12,2023,冬,-
狩火之王,1206,1-10,2023,冬,-
突然降臨的埃及神 第二季,1202,1-10,2023,冬,幻櫻
在地下城尋求邂逅是否搞錯了什麼 Ⅳ (第四季),1099,0-22,2022,夏,愛戀&漫貓
給不滅的你 第二季,1148,1-20,2022,秋,幻櫻
航海王劇場版：紅髮歌姬 ONE PIECE FILM RED,1209,劇場版,2022,夏,
異世界歸來的舅舅,1061,1-13,2022,夏,桜都
入間同學入魔了！ 第三季,1133,1-21,2022,秋,桜都
偶像星願(IDOLiSH7) Third BEAT!,917,1-30,2021,夏,-
JoJo的奇妙冒險 石之海,1011,1-38,2022,冬,悠哈璃羽＆JOJO的奇妙冒險吧
我想成為影之強者！,1127,1-20,2022,秋,桜都
美味派對 ♡ 光之美少女,1006,1-45,2022,冬,雪飄
機動戰士鋼彈 水星的魔女,1119,1-12,2022,秋,喵萌奶茶屋
D4DJ Double Mix,1186,SP,2022,夏,喵萌奶茶屋
劇場版擅長捉弄人的高木同學,1158,劇場版,2022,春,千夏
異世界四重奏～Another World～,1157,劇場版,2022,春,-
異世界迷宮裡的後宮生活,1079,1-12+OVA,2022,夏,桜都
戀愛Flops,1142,1-12,2022,秋,星空
鏈鋸人,1139,1-12,2022,秋,幻櫻
BLEACH 死神 千年血戰篇,1138,1-13,2022,秋,豌豆&風之聖殿
受讚頌者(傳頌之物) 二人的白皇,1065,1-28,2022,夏,幻櫻
彼得·格里爾的賢者時間 Super Extra (第二季),1137,1-12,2022,秋,
夫婦以上，戀人未滿。,1136,1-12,2022,秋,桜都
烙印勇士 黃金時代篇 MEMORIAL EDITION,1115,1-13,2022,秋,
4個人各自有著自己的秘密,1147,1-11,2022,秋,愛戀&波子汽水
孤獨搖滾！,1134,1-12,2022,秋,動漫國
後宮之烏,1116,1-13,2022,秋,
宇崎學妹想要玩！ω (第二季),1114,1-13,2022,秋,桜都
被勇者隊伍開除的馭獸使，邂逅了最強種的貓耳少女,1118,1-13,2022,秋,愛戀&漫貓
SPY×FAMILY間諜家家酒,1039,1-25,2022,春,幻櫻
PUI PUI 天竺鼠車車 駕訓班篇 (第二季),1141,1-12,2022,秋,
惑星公主蜥蜴騎士,1089,1-24,2022,夏,SweetSub
聖劍傳說 Legend of Mana -The Teardrop Crystal-,1132,1-12,2022,秋,
我家師傅沒有尾巴,1111,1-13,2022,秋,澄空&動漫國
人類毛病大學 -不死學部不幸學科-,1143,1-12,2022,秋,
Do It Yourself!!,1131,1-12,2022,秋,SweetSub
秋葉原冥途戰爭,1129,1-12,2022,秋,喵萌奶茶屋
書蟲公主,1130,1-12,2022,秋,SweetSub
名偵探柯南 犯人·犯澤先生,1149,1-12,2022,秋,銀色子彈
忍之一時 ,1144,1-12,2022,秋,
Muv-Luv Alternative 第二季,1126,1-24,2022,秋,雪飄
路人超能100 III (第三季),1125,1-12,2022,秋,
不道德公會,1128,1-12,2022,秋,爪爪
明日方舟 黎明前奏,1150,1-8,2022,秋,
前進吧！登山少女(向山進發) Next Summit (第四季),1123,1-12,2022,秋,幻櫻
菜鳥鍊金術師開店營業中,1120,1-12,2022,秋,愛戀
POP TEAM EPIC 第二季,1117,1-12,2022,秋,悠哈璃羽
點滿農民相關技能後，不知為何就變強了。,1113,1-12,2022,秋,星空
轉生就是劍,1109,1-12,2022,秋,-
"<a href=""https://anime1.pw/?cat=28"">後宮露營！</a>",0,1-8,2022,秋,桜都
因為是反派大小姐所以養了魔王,1110,1-12,2022,秋,-
總之就是很可愛～制服～,1155,OVA,2022,秋,千夏
名偵探柯南：萬聖節的新娘,1154,劇場版,2022,春,豌豆
電影版 搖曳露營△,1153,劇場版,2022,夏,千夏&喵萌奶茶屋
浪漫殺手,1151,1-12,2022,秋,-
SHINE POST,1097,1-12,2022,夏,喵萌奶茶屋
風都偵探,1101,1-12,2022,夏,喵萌奶茶屋
通靈王,882,1-52,2021,春,雪飄
Love Live! Superstar!! 第二季,1098,1-12,2022,夏,喵萌奶茶屋
新來的女傭有點怪,1100,1-11,2022,夏,悠哈璃羽
杜鵑婚約,1050,1-24,2022,春,喵萌奶茶屋
夏日時光,1049,1-25,2022,春,喵萌奶茶屋
劇場編輯版 隱瞞之事 秘密之事是什麼？,1124,劇場版,2021,夏,千夏
電影版 DEEMO 櫻色旋律 -你所彈奏的琴音 至今仍在迴響-,1122,劇場版,2022,冬,喵萌奶茶屋
頂點!!!!!!!!!!!!!!!,1064,1-12,2022,夏,-
王者天下 第四季,1042,1-26,2022,春,豌豆
徹夜之歌,1091,1-13,2022,夏,星空
平凡職業造就世界最強 第二季,1003,1-12+OVA1-3,2022,冬,-
來自深淵 烈日的黃金鄉 (第二季),1078,1-12,2022,夏,桜都
青之蘆葦,1055,1-24,2022,春,悠哈璃羽
OVERLORD IV (第四季),1075,1-13,2022,夏,愛戀&漫貓
卡片戰鬥!! 先導者 will+Dress,1076,1-13,2022,夏,-
ORIENT 東方少年 第二季,1094,1-24,2022,夏,-
歡迎來到實力至上主義的教室 2nd Season (第二季),1074,1-13,2022,夏,動漫國
異世界藥局,1093,1-12,2022,夏,星空
聯盟空軍航空魔法音樂隊 光輝魔女,1058,1-12,2022,夏,喵萌奶茶屋
奇米萌 CHIMIMO,1085,1-12,2022,夏,喵萌奶茶屋
黑之召喚士,1090,1-12,2022,夏,-
Love All Play,1013,1-24,2022,春,-
契約之吻,1068,1-13,2022,夏,星空
Extreme Hearts,1092,1-12,2022,夏,-
足球風雲！Goal to the Future,1067,1-13,2022,夏,-
Lycoris Recoil 莉可麗絲,1066,1-13,2022,夏,喵萌奶茶屋
SHADOWS HOUSE -影宅- 第二季,1087,1-12,2022,夏,幻櫻
幕末替身傳說,1088,1-12,2022,夏,-
即使如此依舊步步進逼,1086,1-12,2022,夏,喵萌奶茶屋
組長女兒與保姆,1084,1-12,2022,夏,-
天籟人偶 (Prima Doll),1072,1-12,2022,夏,喵萌奶茶屋
RWBY 冰雪帝國,1070,1-12,2022,夏,桜都
小邪神飛踢X(邪神與廚二病少女X) 第三季,1082,1-12,2022,夏,幻櫻
金裝的維爾梅～瀕臨留級的魔法師聯手最強災厄勇闖魔法世界～,1083,1-12,2022,夏,喵萌奶茶屋
綻放的阿爾斯諾特利亞,1081,1-12,2022,夏,-
繼母的拖油瓶是我的前女友,1080,1-12,2022,夏,桜都
劇場版 咒術迴戰 0,1107,劇場版,2021,秋,豌豆&風之聖殿
東京喵喵 NEW～♡,1077,1-12,2022,夏,喵萌奶茶屋
電馭叛客：邊緣行者,1106,1-10,2022,夏,-
武藏野！,1071,1-12,2022,夏,MCE漢化組
幽零幻鏡,1069,1-12,2022,夏,-
出租女友 第二季,1062,13-24,2022,夏,喵萌奶茶屋
"<a href=""https://anime1.pw/?cat=27"">森林裡的熊先生，冬眠中。</a>",0,1-9,2022,夏,桜都
轉生賢者的異世界生活～取得第二職業，成為世界最強～,1073,1-12,2022,夏,-
扶桑花之舞,1105,劇場版,2021,秋,喵萌奶茶屋
神渣☆偶像,1063,1-10,2022,夏,-
讓我聽見愛的歌聲,1104,劇場版,2021,秋,喵萌奶茶屋
Blue Thermal -青凪大學體育會航空部-,1103,劇場版,2022,冬,喵萌奶茶屋
狂賭之淵：雙,1102,1-6,2022,夏,喵萌奶茶屋
噬血狂襲 OVA Final (第五季),1044,1-4,2022,春,神楓
偶像學園Planet！Mirror In☆Lab,933,連載中(31),2021,秋,雪飄
佐佐木與宮野,991,1-12+13,2022,冬,幻櫻
Dr.STONE 新石紀 龍水,1096,特別編,2022,夏,豌豆&風之聖殿
式守同學不只可愛而已,1041,1-12,2022,春,桜都
女忍者椿的心事,1040,1-13,2022,春,-
街角魔族 2丁目(第二季),1038,1-12,2022,春,桜都
ONIPAN!,1048,1-12,2022,春,-
CUE!,990,1-24,2022,冬,喵萌奶茶屋
魔法使黎明期,1033,1-12,2022,春,-
盾之勇者成名錄 第二季,1024,1-13,2022,春,桜都
受讚頌者(傳頌之物) 圖斯庫爾皇女的華麗日常,1060,OVA,2018,春,幻櫻
小鳥之翼,1025,1-13,2022,春,-
鍵等 第二季,1047,1-12,2022,春,-
朋友遊戲,1029,1-12,2022,春,幻櫻
受讚頌者(傳頌之物) 虛偽的假面,1059,1-25,2015,秋,幻櫻
境界戰機 第二部,1045,1-25,2022,春,-
這個僧侶有夠煩,1043,1-12,2022,春,豌豆
薔薇王的葬列,993,1-24,2022,冬,幻櫻
群青的開幕曲,1016,1-13,2022,春,-
Love Live! 虹咲學園學園偶像同好會 第二季,1015,1-13,2022,春,極影
BUILD DIVIDE -#FFFFFF（CODE：WHITE）-,1014,13-24,2022,春,-
愛在征服世界後,1034,1-12,2022,春,喵萌奶茶屋
約會大作戰 IV (第四季),1035,1-12,2022,春,千夏
輝夜姬想讓人告白 ー超級浪漫ー (第三季),1036,1-13,2022,春,酷漫404
社畜想被幼女幽靈療癒。,1031,1-12,2022,春,幻櫻
成為女主角！~被討厭的女主角和秘密的工作~,1032,1-12,2022,春,-
骸骨騎士大人異世界冒險中,1030,1-12,2022,春,-
古見同學有交流障礙症。 第二季,1026,13-24,2022,春,幻櫻
RPG不動產,1021,1-12,2022,春,喵萌奶茶屋
史上最強大魔王轉生為村民A,1022,1-12,2022,春,-
相合之物,1023,1-12,2022,春,喵萌奶茶屋
勇者、辭職不幹了,1019,1-12,2022,春,-
Healer Girls 歌愈少女,1018,1-12,2022,春,喵萌奶茶屋
雀魂 PONG☆,1027,1-11,2022,春,桜都
舞動不止,1037,1-11,2022,春,喵萌奶茶屋
女性向遊戲世界對路人角色很不友好,1017,1-12,2022,春,-
理科生墜入情網，故嘗試證明。r=1-sinθ(第二季),1009,1-12,2022,春,-
不會拿捏距離的阿波連同學,1010,1-12,2022,春,喵萌奶茶屋
處刑少女的生存之道,1008,1-12,2022,春,悠哈璃羽
"<a href=""https://anime1.pw/?cat=25"">3秒後，野獸。～坐在聯誼會角落的他是個肉食系</a>",0,1-8,2022,春,桜都
派對咖孔明,1012,1-12,2022,春,喵萌奶茶屋
小書痴的下剋上：為了成為圖書管理員不擇手段！ 第三季,1046,27-36,2022,春,-
Estab-Life: Great Escape,1028,1-12,2022,春,喵萌奶茶屋
真·一騎當千,1056,1-3,2022,春,幻櫻不夠熱
龍與雀斑公主,1054,劇場版,2021,夏,喵萌奶茶屋
泡泡,1053,劇場版,2022,春,喵萌奶茶屋
悠悠哉哉少女日和 Nonstop(第三季),824,1-12+13,2021,冬,喵萌奶茶屋
黃金拼圖 Thank you!!,1052,劇場版,2021,夏,喵萌奶茶屋
闇影詩章 烈焰,1051,連載中(02),2022,春,喵魯
白領羽球部,1005,1-12,2022,冬,星空
國王排名,973,1-23,2021,秋,悠哈璃羽
東京24區,980,1-12,2022,冬,極影
魔法紀錄 魔法少女小圓外傳 FINAL SEASON -淺夢的黎明-,1020,1-4,2022,春,SweetSub&圓環記錄攻略組
夢夢貓(甜夢貓) Mix!,888,1-50,2021,春,星空
超異域公主連結 Re:Dive 第二季,1000,1-12,2022,冬,桜都
現實主義勇者的王國重建記,905,1-26,2021/2022,2021夏/2022冬,喵萌奶茶屋
魔法紀錄 魔法少女小圓外傳 第二季 -覺醒前夜-,926,1-8,2021,夏,SweetSub&圓環記錄攻略組
白金終局(Platinum End),975,1-24,2021,秋,桜都
怪人開發部的黑井津小姐,987,1-12,2022,冬,喵萌奶茶屋
SLOW LOOP-女孩的釣魚慢活-,983,1-12,2022,冬,桜都
瓦尼塔斯的手札,898,1-24,2021,夏,Dymy
最遊記 RELOAD -ZEROIN-,982,1-13,2022,冬,-
相愛相殺,1001,1-12,2022,冬,-
秘密內幕～女警的反擊～,979,1-13,2022,冬,-
與變成了異世界美少女的大叔一起冒險,999,1-12,2022,冬,-
自稱賢者弟子的賢者,998,1-12,2022,冬,桜都
天才王子的赤字國家重生術,997,1-12,2022,冬,
食鏽末世錄,995,1-12,2022,冬,Amor
幻想三國誌 -天元靈心記-,996,1-12,2022,冬,-
TRIBE NINE,994,1-12,2022,冬,-
Futsal Boys!!!!!,992,1-12,2022,冬,-
半妖的夜叉姬 第二季,940,1-24,2021,秋,極影
魯邦三世 PART6,971,0-24,2021,秋,動漫國
明日同學的水手服,986,1-12,2022,冬,悠哈璃羽
戀上換裝娃娃,988,1-12,2022,冬,幻櫻
失格紋的最強賢者,989,1-12,2022,冬,-
擅長捉弄人的高木同學 第三季,985,1-12,2022,冬,悠哈璃羽
少女前線,984,1-12,2022,冬,喵萌奶茶屋
里亞德錄大地,1002,1-12,2022,冬,-
加油吧同期醬,931,1-12+13,2021,秋,幻櫻
ORIENT 東方少年,978,1-12,2022,冬,-
"<a href=""https://anime1.pw/?cat=23"">王子的本命是反派大小姐</a>",0,1-8,2022,冬,桜都
86－不存在的戰區－,874,1-23,2021,春/秋,桜都
終末的後宮,956,1-11,2021,秋,桜都
世界計畫！繽紛舞台 feat. 初音未來 迷你動畫,1004,1-10,2022,冬,MCE漢化組
迷宮標記者(SAKUGAN),961,1-12,2021,秋,喵萌奶茶屋
無職轉生～到了異世界就拿出真本事～,820,1-24,2021,冬/秋,喵萌奶茶屋
Irodorimidori,981,1-8,2022,冬,喵萌奶茶屋
星期一的豐滿 第二季,932,1-12+13,2021,秋,幻櫻
鬼滅之刃 遊郭篇,976,1-11,2022,冬,豌豆&風之聖殿
Tropical-Rouge！光之美少女,840,1-46,2021,冬,雪飄
小林家的龍女僕S(第二季),913,1-12+13,2021,夏,星空
舞伎家的料理人,846,1-12,2021,冬,千夏
D4DJ First Mix,891,1-13,2020,秋,喵萌奶茶屋
百萬噸級武藏,974,1-13,2021,秋,喵萌奶茶屋
180 秒能讓你的耳朵感到幸福嗎？,969,1-12,2021,秋,桜都
因為不是真正的夥伴而被逐出勇者隊伍，流落到邊境展開慢活人生,962,1-13,2021,秋,LoliHouse
空色Utility,977,1,2022,冬,喵萌奶茶屋
世界盡頭的聖騎士,958,1-12,2021,秋,
轉生成女性向遊戲只有毀滅END的壞人大小姐X(第二季),900,1-12+OAD,2021,夏,星空
卡片戰鬥!! 先導者 overDress 第二季,948,1-13,2021,秋,
狂熱深淵-迷失的孩子,967,1-12,2021,秋,LoliHouse
鍵等,968,1-12,2021,秋,-
逆轉世界的電池少女,966,1-12,2021,秋,喵萌奶茶屋
境界戰機,946,1-13,2021,秋,-
前輩有夠煩,959,1-12,2021,秋,動漫國
BUILD DIVIDE -#000000（CODE：BLACK）-,963,1-12,2021,秋,
VISUAL PRISON 視覺監獄,953,1-12,2021,秋,
大正處女御伽話,954,1-12,2021,秋,
SELECTION PROJECT,936,1-13,2021,秋,喵萌奶茶屋
古見同學有交流障礙症。,952,1-12,2021,秋,幻櫻
緋紅結繫,895,1-26,2021,夏,-
世界頂尖的暗殺者轉生為異世界貴族,949,1-12,2021,秋,LoliHouse
Muv-Luv Alternative,951,1-12,2021,秋,雪飄
橘色榮耀！,950,1-12,2021,秋,LoliHouse
宿命迴響：命運節拍,947,1-12,2021,秋,喵萌奶茶屋
進化果實～不知不覺踏上勝利的人生～,945,1-12,2021,秋,
吸血鬼馬上死,944,1-12,2021,秋,愛戀&漫貓
四季櫻,964,1-12,2021,秋,-
陰陽眼見子,941,1-12,2021,秋,愛戀&漫貓
月與萊卡與吸血公主,942,1-12,2021,秋,動漫國
賈希大人不氣餒！,927,1-20,2021,夏,喵萌奶茶屋
萬能戰士無比敵(MUTEKING THE Dancing HERO),970,1-12,2021,秋,
燒窯的話也要馬克杯 第二季,955,1-12,2021,秋,-
結城友奈是勇者 大滿開之章,939,1-12,2021,秋,雪飄
異世界食堂 2,938,1-12,2021,秋,極影
三角窗外是黑夜,943,1-12,2021,秋,幻櫻
白沙的Aquatope,914,1-24,2021,夏,桜都
藍色時期,934,1-12,2021,秋,SweetSub
鬼滅之刃 無限列車篇,960,1-7,2021,秋,豌豆&風之聖殿
獻身給魔王伊伏洛基亞吧,937,1-9,2021,秋,桜都
平家物語,935,1-11,2021,秋,千夏
Deji meets girl(女孩遇見男孩),972,連載中(05),2021,秋,愛戀&漫貓
海賊王女,929,1-12,2021,夏,喵萌奶茶屋
王者天下 第三季,892,1-26,2021,春,豌豆
Love Live! Superstar!!,918,1-12,2021,夏,喵萌奶茶屋
暗夜第六感 NIGHT HEAD 2041,928,1-12,2021,夏,幻櫻
D_CIDE TRAUMEREI THE ANIMATION,923,1-13,2021,夏,喵萌奶茶屋
EDENS ZERO,881,1-25,2021,春,動漫國
RE-MAIN,906,1-12,2021,夏,星空
漂流少年(Sonny Boy),922,1-12,2021,夏,喵萌奶茶屋
暮蟬悲鳴時 卒,897,1-15,2021,夏,極影
平穩世代的韋駄天們,924,1-11,2021,夏,-
急戰5秒殊死鬥,920,1-12,2021,夏,-
陰晴不定的體操哥哥,919,1-13,2021,夏,酷漫404
數碼寶貝大冒險：,711,1-67,2020,春,馴獸師聯盟
恐龍莊日和,862,1-26,2021,春,桜都
蓋特機器人 ARC,908,1-13,2021,夏,-
歌劇少女！,904,1-13,2021,夏,喵萌奶茶屋
魔法科高中的優等生,903,1-13,2021,夏,澄空學園&動漫國
我們的重製人生,902,1-12,2021,夏,動漫國
我的英雄學院 第五季,842,1-25,2021,春,-
BLUE REFLECTION：澪,872,1-24,2021,春,-
八月的棒球甜心,526,1-13,2019,春,-
暗黑企業的迷宮,915,1-12,2021,夏,喵萌奶茶屋
我立於百萬生命之上 第二季,916,13-24,2021,夏,
開掛藥師的異世界悠閒生活～到異世界開藥房去～,912,1-12,2021,夏,桜都
月光下的異世界之旅,911,1-12,2021,夏,-
關於我轉生變成史萊姆這檔事 第二季,798,0-24,2021,冬,
精靈幻想記,910,1-12,2021,夏,LoliHouse
偵探已經，死了。,909,1-12,2021,夏,喵萌奶茶屋
死神少爺與黑女僕,907,1-12,2021,夏,喵萌奶茶屋
東京復仇者,876,1-24,2021,春,-
女朋友 and 女朋友 (女友成雙),901,1-12,2021,夏,極影
叫我對大哥,899,1-12,2021,夏,幻櫻
桃子男孩渡海而來,896,1-12,2021,夏,喵萌奶茶屋
女神宿舍的管理員。,921,1-10,2021,夏,幻櫻
入間同學入魔了！ 第二季,889,1-21,2021,春,桜都
勇者鬥惡龍 達伊的大冒險,769,連載中(41),2020,秋,極影
給不滅的你,880,1-20,2021,春,幻櫻
言語如蘇打般湧現,925,劇場版,2021,夏,星空
噬血狂襲 OVA 第四季,775,1-12,2020,春,鈴風/神楓
奇巧計程車,863,1-13,2021,春,幻櫻
SHADOWS HOUSE -影宅-,875,1-13,2021,春,幻櫻
轉生成蜘蛛又怎樣！,811,1-24,2021,冬,八重櫻
美少年偵探團,877,1-12,2021,春,SweetSub
結城友奈是勇者 啾嚕！,890,1-12,2021,春,雪飄
WONDER EGG PRIORITY(奇蛋物語),829,1-12+SP,2021,冬,喵萌奶茶屋
大運動會 ReSTART!,886,1-12,2021,春,-
青梅竹馬絕對不會輸的戀愛喜劇,887,1-12,2021,春,千夏
幻影天使 (魔法水果籃) 最終季,883,1-13,2021,春,喵萌奶茶屋
不要欺負我，長瀞同學,885,1-12,2021,春,悠哈璃羽
MARS RED,884,1-13,2021,春,-
刮掉鬍子的我與撿到的女高中生,861,1-13,2021,春,喵萌奶茶屋
再見了，我的克拉默,857,1-13,2021,春,極影
偶像學園Planet！,830,1-25,2021,冬,雪飄
憂國的莫里亞蒂 第二季,855,1-13,2021,春,
NOMAD MEGALO BOX 機甲拳擊 第二季,856,1-13,2021,春,Dymy
Vivy -Fluorite Eye’s Song-,852,1-13+13.5,2021,春,喵萌奶茶屋
卡片戰鬥!! 先導者 overDress,851,1-12,2021,春,-
持續狩獵史萊姆三百年，不知不覺就練到 LV MAX,873,1-12,2021,春,
美麗新世界 The Animation,871,1-12,2021,春,-
後空翻少年!!,869,1-12,2021,春,-
佐賀偶像是傳奇 捲土重來(第二季),867,1-12,2021,春,極影
Fairy蘭丸,868,1-12,2021,春,-
七大罪 憤怒的審判 (第四季),832,1-24,2021,冬,豌豆
本田小狼與我,866,1-12,2021,春,SweetSub
如果究極進化的完全潛行 RPG 比現實還更像垃圾遊戲的話,843,1-12,2021,春,-
關於我轉生變成史萊姆這檔事 轉生史萊姆日記,864,1-12,2021,春,-
聖女魔力無所不能,865,1-12,2021,春,喵萌奶茶屋
燒窯的話也要馬克杯,860,1-12,2021,春,-
龍先生，想要買個家。,854,1-12,2021,春,愛戀&漫貓
七騎士 革命 -英雄的繼承者-,858,1-12,2021,春,-
戰鬥員派遣中！,853,1-12,2021,春,幻櫻
哥吉拉 奇異點,870,1-13,2021,春,星空
真白之音,850,1-12,2021,春,鈴風
灼熱卡巴迪,849,1-12,2021,春,-
BACK ARROW,812,1-24,2021,冬,喵萌奶茶屋
SSSS.DYNAZENON,847,1-12,2021,春,星空
鬼滅之刃劇場版 無限列車篇,893,劇場版,2020,秋,豌豆&風之聖殿
義呆利 Axis Powers World★Stars,845,1-12,2021,春,悠哈璃羽
擾亂 THE PRINCESS OF SNOW AND BLOOD,844,1-12,2021,春,-
如果這叫愛情感覺會很噁心 ,859,1-12,2021,春,-
異世界魔王與召喚少女的奴隸魔術Ω(第二季),878,1-10,2021,春,桜都
輝夜姬想讓人告白？～天才們的戀愛頭腦戰～ (第二季),726,1-12+OVA,2020,春,桜都
"<a href=""https://anime1.pw/?cat=20"">變身成黑辣妹之後就和死黨上床了</a>",0,1-8,2021,春,桜都
VLAD LOVE(吸血鬼之愛),839,1-12,2021,冬,喵萌奶茶屋
境界觸發者 2nd season(第二季),838,1-12,2021,冬,-
夢夢貓(甜夢貓),727,1-48,2020,春,星空
SK∞ the Infinity,818,1-12,2021,冬,-
堀與宮村,816,1-13,2021,冬,千夏
Praeter 之傷,813,1-13,2021,冬,-
Fate/stay night [Heaven’s Feel] III.春櫻之歌,848,劇場版,2020,夏,幻之
天地創造設計部,805,1-12+SP,2021,冬,幻櫻
搖曳露營△ SEASON2(第二季),804,1-13,2021,冬,愛戀&漫貓
記錄的地平線 圓桌崩壞(第三季),834,1-12,2021,冬,極影
碧藍航線 微速前進！,794,1-12,2021,冬,喵萌奶茶屋
回復術士的重啟人生,833,1-12,2021,冬,幻櫻
黑色五葉草,214,1-170,2017,秋,動漫花園
世界魔女出動！,831,1-12,2021,冬,-
文豪野犬 (文豪Stray Dogs) 汪！,828,1-12,2021,冬,極影
弩級戰隊HXEROS,733,1-12+OAD1-2,2020,夏,桜都
養狗與貓每天都很開心,764,1-24,2020,秋,幻櫻
賽馬娘Pretty Derby Season 2(第二季),819,1-13,2021,冬,雪飄
EX-ARM,822,1-12,2021,冬,-
怪物事變,821,1-12,2021,冬,喵萌奶茶屋
怪病醫拉姆尼,817,1-12,2021,冬,-
WIXOSS DIVA(A)LIVE,836,1-12,2021,冬,SweetSub
咒術迴戰,781,1-24,2020,秋,豌豆&風之聖殿
BEASTARS 第二季,809,1-12,2021,冬,喵萌奶茶屋
只有我能進入的隱藏迷宮,827,1-12,2021,冬,喵萌奶茶屋
約定的夢幻島 第二季,799,1-11,2021,冬,豌豆&風之聖殿
弱角友崎同學,810,1-12,2021,冬,喵萌奶茶屋
Dr.STONE 新石紀 STONE WARS(第二季),835,1-11,2021,冬,豌豆&風之聖殿
2.43 清陰高中男子排球社,808,1-12,2021,冬,-
五等分的新娘∬(第二季),807,1-12,2021,冬,星空
SHOW BY ROCK!! STARS!!,806,1-12,2021,冬,-
演劇偶像,800,1-12+OVA,2021,冬,喵萌奶茶屋
偶像榮耀 IDOLY PRIDE,825,1-12,2021,冬,喵萌奶茶屋
ICHU 偶像進行曲,801,1-12,2021,冬,-
Hortensia SAGA 蒼之騎士團,803,1-12,2021,冬,-
裝甲娘戰機,802,1-12,2021,冬,漫游
Re:從零開始的異世界生活 第二季,738,1-25,2020/2021,2020夏/2021冬,動漫國&KNA&輕之國度
真・中華一番！ 第二季,826,1-12,2021,冬,-
裏世界遠足,797,1-12,2021,冬,極影
比方說，這是個出身魔王關附近的少年在新手村生活的故事,796,1-12,2021,冬,-
工作細胞BLACK,815,1-13,2021,冬,喵萌奶茶屋
半妖的夜叉姬,776,1-24,2020,秋,喵萌奶茶屋
暮蟬悲鳴時 業,787,1-24,2020,秋,極影
闇影詩章,717,1-48,2020,春,桜都
花樣滑冰Stars,823,1-12,2021,冬,星空
阿松 第三季,791,1-25,2020,秋,西農YUI&DAY
工作細胞!!(第二季),814,1-8,2021,冬,喵萌奶茶屋
Healin’ Good ♥ 光之美少女,687,1-45,2020,冬,雪飄
A3! SEASON SPRING & SUMMER,681,1-12,2020,冬,喵萌奶茶屋
體操武士,795,1-11,2020,秋,喵萌奶茶屋
你與我最後的戰場，亦或是世界起始的聖戰,789,1-12,2020,秋,極影
Love Live! 虹咲學園學園偶像同好會,765,1-13,2020,秋,極影
土下座跪求給看,783,1-12,2020,秋,悠哈璃羽
大貴族,790,1-13,2020,秋,-
Assault Lily Bouquet,747,1-12,2020,秋,喵萌奶茶屋
眾神眷顧的男人,792,1-12,2020,秋,-
無能力者娜娜,778,1-13,2020,秋,動漫國
安達與島村(櫻與抱月),780,1-12,2020,秋,千夏&喵萌奶茶屋
戰翼的希格德莉法,767,1-12,2020,秋,喵萌奶茶屋
偶像星願(IDOLiSH7) Second BEAT!,729,1-15,2020,春,-
滿溢的水果塔,785,1-12,2020,秋,桜都
魔法科高中的劣等生 來訪者篇(第二季),770,1-13,2020,秋,八重櫻
全員惡玉,788,1-12,2020,秋,幻櫻
強襲魔女 通往柏林之路(第三季),782,1-12,2020,秋,極影
成神之日,786,1-12,2020,秋,喵萌奶茶屋
請問您今天要來點兔子嗎？ BLOOM(第三季),784,1-12,2020,秋,兔子
熊熊勇闖異世界,777,1-12,2020,秋,喵萌奶茶屋
鐵路浪漫譚,760,1-12,2020,秋,喵萌奶茶屋
憂國的莫里亞蒂,772,1-11,2020,秋,動漫國
池袋西口公園,779,1-12,2020,秋,豌豆
辣妹與恐龍,706,1-12,2020,春,中肯
One Room 第三季,768,1-12,2020,秋,喵萌奶茶屋
在魔王城說晚安,774,1-12,2020,秋,喵萌奶茶屋
黃金神威 第三季,773,1-12,2020,秋,幻櫻
排球少年！！ TO THE TOP (第四季),685,1-25,2020,冬/秋,Dymy
魔女之旅,758,1-12,2020,秋,喵萌奶茶屋
總之就是很可愛,762,1-12,2020,秋,澄空學園&雪飄
在地下城尋求邂逅是否搞錯了什麼Ⅲ (第三季),763,1-12,2020,秋,DHR&茉語星夢
攀岩少女！,771,1-12,2020,秋,動漫國
關於我轉生變成史萊姆這檔事,401,1-25+OAD1-5,2018,秋,漫貓&愛戀
炎炎消防隊 貳之章(第二季),730,1-24,2020,夏,Dymy
黃金神威,334,1-12+OAD1-4,2018,春,幻櫻
我立於百萬生命之上,766,1-12,2020,秋,喵萌奶茶屋
無限住人 -IMMORTAL-,634,1-24,2019,秋,雪飄
想哭的我戴上了貓的面具,761,劇場版,2020,春,喵萌奶茶屋
文豪與鍊金術師～審判的齒輪～,759,1-13,2020,春,-
Re:從零開始的異世界生活 OVA,545,Memory Snow+冰結之絆,2018,秋,動漫國&KNA&輕之國度
HELLO WORLD,757,劇場版,2019,夏,喵萌奶茶屋
ANOTHER WORLD,756,1-3,2019,夏,喵萌奶茶屋
劇場版 為了誰的鍊金術師,755,劇場版,2019,春,喵萌奶茶屋
鳴鳥不飛：烏雲密布,754,劇場版,2020,冬,喵萌奶茶屋
高校艦隊 劇場版,753,劇場版,2020,冬,喵萌奶茶屋
戀與製作人,752,1-12,2020,夏,星空
哥布林殺手 -GOBLIN’S CROWN-,751,劇場版,2020,冬,動漫國
不起眼女主角培育法 Fine,750,劇場版,2019,秋,動漫國
知道天空有多藍的人啊,749,劇場版,2019,秋,極影
天氣之子,748,劇場版,2019,夏,動漫國
刀劍神域 Alicization War of Underworld (第三季下),612,0-23,2019/2020,2019秋/2020夏,悠哈璃羽&拉斯觀測組
詐騙之王 Great Pretender(大欺詐師),746,1-23,2020,夏,SweetSub
DECA-DENCE,745,1-13,2020,夏,極影
ARGONAVIS from BanG Dream!,744,1-13,2020,春,喵萌奶茶屋
魔物娘的醫生,743,1-12,2020,夏,桜都
彼得·格里爾的賢者時間,742,1-12,2020,夏,喵萌奶茶屋
富豪刑警 Balance: UNLIMITED,741,1-11,2020,春,幻櫻
巨人族的新娘,740,1-9,2020,夏,極影
高校之神,736,1-13,2020,夏,喵萌奶茶屋
馬娘四格,737,1-12,2020,夏,DHR百合組
食戟之靈 豪之皿(第五季),735,1-13,2020,春,極影
魔王學院的不適任者～史上最強的魔王始祖，轉生就讀子孫們的學校～,734,1-13,2020,夏,喵萌奶茶屋
Lapis Re:LiGHTs,732,1-12,2020,夏,喵萌奶茶屋
白貓 Project ZERO CHRONICLE,715,1-12,2020,春,喵萌奶茶屋
出租女友,731,1-12,2020,夏,喵萌奶茶屋
BanG Dream! 3rd Season(第三季),661,1-13,2020,冬,極影
科學超電磁砲T,674,1-25,2020,冬,澄空學園&動漫國
隱瞞之事,699,1-12,2020,春,喵萌奶茶屋
掠奪者,665,1-24,2020,冬,-
天晴爛漫！,695,1-13,2020,春,喵萌奶茶屋
八男？別鬧了！,698,1-12,2020,春,極影
小書痴的下剋上：為了成為圖書管理員不擇手段！ 第二季,707,15-26,2020,春,DHR
阿爾蒂,705,1-12,2020,春,極影
聽我的電波吧,704,1-12,2020,春,星空
轉生成女性向遊戲只有毀滅END的壞人大小姐,708,1-12,2020,春,喵萌奶茶屋
〈Infinite Dendrogram〉-無盡連鎖-,669,1-13,2020,冬,-
果然我的青春戀愛喜劇搞錯了。完 (第三季),728,1-12,2020,夏,動漫國
昨日之歌,702,1-12,2020,春,豌豆&風之聖殿
LISTENERS,703,1-12,2020,春,喵萌奶茶屋
八十龜觀察日記 第二季,659,1-12,2020,冬,小花花同盟戰線
新櫻花大戰 the Animation,700,1-12,2020,春,喵萌奶茶屋
社長，戰鬥的時間到了！,712,1-12,2020,春,輕之國度
非槍人生 NO GUNS LIFE 第二季,725,1-12,2020,夏,喵萌奶茶屋
啄木鳥偵探社,723,1-12,2020,春,極影
小邪神飛踢’(邪神與廚二病少女’) 第二季,724,1-12,2020,春,幻櫻
繼怪怪守護神 (第二季),709,1-12,2020,春,喵萌奶茶屋
宇崎學妹想要玩！,722,1-12,2020,夏,喵萌奶茶屋
格萊普尼爾,710,1-12,2020,春,喵萌奶茶屋
球詠,696,1-12,2020,春,桜都
幻影天使 (魔法水果籃) 第二季,719,1-25,2020,春,喵萌奶茶屋
放學後堤防日誌,718,1-12,2020,春,DHR百合組
動物新世代 BNA,716,1-12,2020,春,喵萌奶茶屋
超異域公主連結 Re:Dive,714,1-13,2020,春,風之聖殿&動漫國
閃亮 美妙☆頻道 第三季,713,連載中(01),2020,春,風之聖殿
我的英雄學院 第四季,636,1-25,2019,秋,桜都
PSYCHO-PASS 心靈判官3 FIRST INSPECTOR ,697,1-3,2020,冬,極影
Pet(思維覆寫),653,1-13,2020,冬,喵萌奶茶屋
閃亮 美妙☆頻道 第二季,529,1-51,2019,春,風之聖殿
籃球少年王,596,連載中(25),2019,秋,-
魔術士歐菲 流浪之旅,662,1-13,2020,冬,-
異世界四重奏 第二季,680,1-12,2020,冬,幻之
鑽石王牌 act2,509,1-52,2019,春,諸神
咯咯咯鬼太郎 第六季,327,1-97,2018,春,-
夢幻之星 Online 2 神諭篇章 (EPISODE ORACLE),620,1-25,2019,秋,-
異獸魔都,682,1-12,2020,冬,喵萌奶茶屋
請在伸展台上微笑,675,1-12,2020,冬,喵萌奶茶屋
異種族風俗娘評鑑指南,660,1-12+SP,2020,冬,悠哈璃羽
為美好的世界獻上祝福！紅傳說,693,劇場版,2019,夏,幻之
虛構推理,656,1-12,2020,冬,喵萌奶茶屋
魔法紀錄 魔法少女小圓外傳,652,1-13,2020,冬,SweetSub&圓環記錄攻略組
22/7,678,1-12,2020,冬,喵萌奶茶屋
暗黑破壞神在身邊。,677,1-12,2020,冬,DHR
偶像學園 on Parade！,609,1-25,2019,秋,雪飄
緣結熊本,666,1-12,2020,冬,幻櫻
碧藍幻想 第二季,608,1-12+Extra1,2019,秋,雪飄&澄空
織田肉桂信長,676,1-12,2020,冬,幻櫻
戀愛中的小行星,650,1-12,2020,冬,千夏
地縛少年花子君,672,1-12,2020,冬,幻櫻
神推偶像登上武道館我就死而無憾,673,1-12,2020,冬,DHR百合組
寶石商人理察的謎鑑定,671,1-12,2020,冬,豌豆
Rebirth for you,658,連載中(25),2020,冬,喵萌奶茶屋
貓娘樂園(NEKOPARA),668,1-12,2020,冬,千夏
SHOW BY ROCK!! Mashumairesh!!,670,1-12,2020,冬,-
奇幻☆怪盜？,667,1-12,2020,冬,喵萌奶茶屋
索瑪麗與森林之神,649,1-12,2020,冬,喵萌奶茶屋
花牌情緣 第三季,639,1-24,2019,秋,極影
怕痛的我，把防禦力點滿就對了,663,1-12,2020,冬,-
七大罪 眾神的逆鱗 (第三季),625,1-24,2019,秋,豌豆
房間露營△,657,1-12,2020,冬,DHR百合組
別對映像研出手！,655,1-12,2020,冬,喵萌奶茶屋
ID:INVADED,654,1-13,2020,冬,SweetSub
Fate/Grand Order -絕對魔獸戰線巴比倫尼亞-,587,1-21,2019,秋,雪飄
達爾文遊戲,651,1-11,2020,冬,桜都
碧藍航線,603,1-12,2019,秋,喵萌奶茶屋
紫羅蘭永恆花園 外傳 -永遠與自動手記人偶-,691,劇場版,2020,冬,-
破曉之翼,683,1-7,2020,冬,官方
薄暮,690,劇場版,2019,春,喵萌奶茶屋
理科生墜入情網，故嘗試證明。,689,1-12,2020,冬,-
number24,664,1-12,2020,冬,-
小書痴的下剋上：為了成為圖書管理員不擇手段！,597,1-14+OVA,2019,秋,千夏&喵萌奶茶屋
一拳超人 第二季,510,0-12+OVA1-4,2019,春,幻櫻
入間同學入魔了！,610,1-23,2019,秋,桜都
空挺 Dragons,684,1-12,2020,冬,極影
實況主的逃脫遊戲【直播中】,560,1-12+OVA,2019,夏,DHR
平凡職業造就世界最強,566,1-13+OVA1-2,2019,夏,喵萌奶茶屋
Radiant 虛空魔境 第二季,605,1-21,2019,秋,-
巴比倫 BABYLON,627,1-12,2019,秋,極影
普羅米亞 (PROMARE),688,劇場版,2019,春,喵萌奶茶屋
NULL & PETA,607,1-12+OVA,2019,秋,喵萌奶茶屋
噬血狂襲 OVA 消失的聖槍篇,686,OVA,2020,冬,幻之
在地下城尋求邂逅是否搞錯了什麼Ⅱ (第二季),576,1-12+OVA,2019,夏,極影
星光☆閃亮 光之美少女,502,1-49,2019,冬,雪飄
怪怪守護神,88,1-12+OVA,2017,春,千夏
神田川 JET GIRLS,622,1-12+13,2019,秋,桜都
美妙射擊部(Rifle is Beautiful),637,1-12,2019,秋,-
為什麼老師會在這裡！？,528,1-12+13,2019,春,DHR
天華百劍 ～歡迎來到銘治館！～,640,1-12,2019,秋,喵萌奶茶屋
非洲的動物上班族,638,1-12,2019,秋,漫貓&愛戀
炎炎消防隊,558,1-24,2019,夏,Dymy
Fairy Gone 第二季,629,1-12,2019,秋,喵萌奶茶屋
擺出討厭的表情露出內褲 第二季,646,1-6,2019,秋,悠哈璃羽
警視廳 特務部 特殊兇惡犯對策室 第七課 -特7-,616,1-12,2019,秋,喵萌奶茶屋
海盜戰記,564,1-24,2019,夏,豌豆
我們真的學不來！ 第二季,614,1-13,2019,秋,幻櫻
一弦定音！ 第二季,613,1-13,2019,秋,時雨初空
真・中華一番！,633,1-12,2019,秋,-
食戟之靈 神之皿 (第四季),632,1-12,2019,秋,極影
慎重勇者～這個勇者明明超 TUEEE 卻過度謹慎！～,595,1-12,2019,秋,漫貓&愛戀
星合之空,631,1-12,2019,秋,星空
非槍人生 NO GUNS LIFE,630,1-12,2019,秋,喵萌奶茶屋
刺客守則,628,1-12,2019,秋,時雨初空
鋼彈創鬥者 潛網大戰(高達創形者) Re:RISE,626,1-13,2019,秋,官方
BEASTARS,602,1-12,2019,秋,喵萌奶茶屋
喜歡本大爺的竟然就妳一個？,598,1-12,2019,秋,輕之國度
Z/X Code reunion,621,1-12,2019,秋,-
募戀英雄 (Stand My Heroes) PIECE OF TRUTH,619,1-12,2019,秋,-
我不是說了能力要平均值嗎？,618,1-12,2019,秋,千夏
歌塑世界 -Songs Connection-,617,1-12,2019,秋,-
偶像夢幻祭,561,1-24,2019,夏,幻櫻
高分少女 第二季,642,1-9,2019,秋,喵萌奶茶屋
放學後桌遊俱樂部,599,1-12,2019,秋,喵萌奶茶屋
戰×戀,611,1-12,2019,秋,-
超人高中生們即便在異世界也能從容生存！,600,1-12,2019,秋,星空
萌獸寵物店(旗揚！獸道),601,1-12,2019,秋,桜都
浦島坂田船的日常,594,1-12,2019,秋,-
PSYCHO-PASS 心靈判官 第三季,641,1-8,2019,秋,極影
廚病激發 BOY,606,1-11,2019,秋,DHR
Dr.STONE 新石紀,551,1-24,2019,夏,豌豆&風之聖殿
銀河英雄傳說 Die Neue These 星亂,593,1-12,2019,秋,漫遊&澄空&天香
拳願阿修羅 第二季,647,1-12,2019,秋,喵萌奶茶屋
歌舞伎町夏洛克,645,連載中(03),2019,秋,星空
青春豬頭少年不會夢到懷夢美少女,644,劇場版,2019,春,喵萌奶茶屋
拳願阿修羅,643,1-12,2019,夏,喵萌奶茶屋
我們真的學不來！,522,1-13+OVA1,2019,春,幻櫻
迷你百合,635,1-4,2019,秋,動漫國
TRY KNIGHTS,583,1-12,2019,夏,-
BEM,577,1-12,2019,夏,-
深夜的超自然公務員,524,1-15,2019,春,豌豆
普通攻擊是全體二連擊，這樣的媽媽你喜歡嗎？,574,1-12,2019,夏,桜都
超次元戰記 戰機少女 涅普的暑假,624,OVA,2019,夏,DHR百合組
輕鬆百合、,623,OVA,2019,秋,千夏
噬血狂襲 OVA 第三季,460,1-10,2018,秋,動漫國&輕之國度
BLACKFOX 黑狐,615,劇場版,2019,秋,喵萌奶茶屋
戰姬絕唱 SYMPHOGEAR XV,570,1-13,2019,夏,漫游&S.O.N.G.
少女☆歌劇Revue Starlight,394,1-12+OVA1-3,2018,夏,動漫國&茉語星夢
名偵探柯南：紺青之拳,604,劇場版,2019,春,豌豆&幻之
Carole & Tuesday,536,1-24,2019,春,喵萌奶茶屋
YU-NO 在這世界盡頭詠唱愛的少女,508,1-26,2019,春,喵萌茶會
COP CRAFT,568,1-12,2019,夏,喵萌奶茶屋
Re：Stage！Dream days♪,563,1-12,2019,夏,動漫國
艾梅洛閣下II世事件簿 魔眼搜集列車 Grace note,463,1-13,2019,夏,幻櫻
鬼滅之刃,521,1-26,2019,春,豌豆&風之聖殿
MIX,520,1-24,2019,春,極影
滿月之戰 GRANBELM,567,1-13,2019,夏,星空
科學一方通行,575,1-12,2019,夏,桜都
街角魔族,573,1-12,2019,夏,喵萌奶茶屋&千夏
偶像學園Friends！ 第二季,512,1-26,2019,春,雪飄
請問您今天要來點兔子嗎？～Sing For You～,592,OVA,2019,夏,千夏
異世界超能魔術師,571,1-12,2019,夏,-
路人超能100 第一回靈能相談所員工旅遊 ～填滿內心的療癒之旅～,591,OVA,2019,夏,-
胡蝶綺 ～少年信長～,569,1-12,2019,夏,-
只要長得可愛，即使是變態你也喜歡嗎？,565,1-12,2019,夏,喵萌奶茶屋
擅長捉弄人的高木同學 第二季,562,1-12,2019,夏,千夏
GIVEN 被贈與的未來,572,1-11,2019,夏,幻櫻
騷亂時節的少女們,559,1-12,2019,夏,澄空學園&華盟&動漫國
幻影天使 (魔法水果籃),513,1-25,2019,春,喵萌奶茶屋
女高中生的虛度日常,557,1-12,2019,夏,喵萌奶茶屋
為了女兒，我說不定連魔王都能幹掉。,556,1-12,2019,夏,漫貓&愛戀
魔王大人、RETRY！(重來吧，魔王大人！),555,1-12,2019,夏,漫貓&愛戀
流汗吧！健身少女,553,1-12,2019,夏,幻櫻
彼方的阿斯特拉,554,1-12,2019,夏,茉語星夢&動漫國
你遭難了嗎？,548,1-12,2019,夏,動漫國
魔術學姐,547,1-12,2019,夏,喵萌奶茶屋
獵獸神兵,550,1-12,2019,夏,悠哈璃羽
高校星歌劇 第三季,549,1-12,2019,夏,諸神
前進吧！登山少女(向山進發) 第二季,590,1-24+6.5+25,2014,夏,DHR百合組
前進吧！登山少女(向山進發),589,1-12+13,2013,冬,DHR百合組
褲襪視界(Miru Tights),543,1-12+13,2019,春,悠哈璃羽
幼女戰記 劇場版,588,劇場版,2019,冬,幻之
Fate/stay night [Heaven’s Feel] II.迷途之蝶,585,劇場版,2019,冬,雪飄
相對世界。明日終結？,584,劇場版,2019,冬,MCE漢化組
Love Live! Sunshine!! 學園偶像電影~彩虹彼端~,582,劇場版,2019,冬,幻之
JoJo的奇妙冒險 黃金之風,420,1-39,2018,秋,悠哈璃羽&諸神&JOJO吧
魔法少女奈葉 Detonation,581,劇場版,2018,秋,喵萌奶茶屋&千夏
溫泉屋小女將,332,1-24,2018,春,DHR
溫泉屋小女將 劇場版,580,劇場版,2018,夏,SweetSub
搖曳莊的幽奈小姐,393,1-12,2018,夏,動漫國
遊戲王VRAINS,144,連載中(107),2017,春,VRAINSTORM
悠悠哉哉少女日和 Repeat (第二季),579,1-12+13,2015,夏,DHR百合組
悠悠哉哉少女日和,578,1-12+13,2013,秋,DHR百合組
工作細胞,374,1-13+SP+11.5,2018,夏,喵萌奶茶屋
皿三昧,537,1-11,2019,春,悠哈璃羽
八十龜觀察日記,527,1-12,2019,春,小花花同盟戰線
星光少男 KING OF PRISM -Shiny Seven Stars-,544,1-12,2019,春,風之聖殿
劇場版 在地下城尋求邂逅是否搞錯了什麼 ─獵戶座之箭─,552,劇場版,2019,冬,幻之
進擊的巨人 第三季,395,1-22,2018/2019,2018夏/2019春,極影
一弦定音！,523,1-13,2019,春,時雨初空
文豪野犬 (文豪Stray Dogs) 第三季,538,1-12,2019,春,幻櫻
傀儡馬戲團,438,1-36,2018,秋,雪飄
叛逆性百萬亞瑟王 第二季,511,1-13+14,2019,春,-
賢惠幼妻仙狐小姐 (請讓我撒嬌，仙狐大人！),535,1-12,2019,春,DHR
賢者之孫,534,1-12,2019,春,八重櫻
盾之勇者成名錄,465,1-25,2019,冬,桜都
異世界四重奏,532,1-12,2019,春,喵萌茶會
強襲魔女 501部隊出動！,533,1-12,2019,春,桜都
Fairy Gone,530,1-12,2019,春,喵萌奶茶屋
RobiHachi,531,1-12,2019,春,-
多羅羅,472,1-24,2019,冬,喵萌奶茶屋
消滅都市,525,1-12,2019,春,-
超可動女孩 1/6,517,1-12,2019,春,-
信長老師的年幼妻子,519,1-12,2019,春,桜都
高中女生,518,1-12,2019,春,DHR百合組
一個人的○○小日子,516,1-12,2019,春,DHR百合組
滿腦都是○○的我沒辦法談戀愛 (淫亂的青醬無法學習),515,1-12,2019,春,桜都
川柳少女,514,1-12,2019,春,喵萌奶茶屋
天使降臨到我身邊！,476,1-12+OVA,2019,冬,DHR百合組
虛擬小姐在看著你,500,1-12,2019,冬,悠哈璃羽
甲鐵城的卡巴內里 海門決戰,542,1-3,2019,春,幻之
春宵苦短，少女前進吧！,541,劇場版,2017,春,動漫國
劇場版 TRINITY SEVEN 魔道書7使者 -天空圖書館與真紅魔王-,540,劇場版,2019,冬,幻櫻
弦音－風舞高中弓道部－,451,1-13+14,2018,秋,波洛咖啡廳
童話魔法使,275,1-12,2018,冬,動漫國
我家的女僕有夠煩！,419,1-12+13,2018,秋,千夏
琴之森 第二季,498,1-12,2019,冬,Dymy
Infini-T Force,218,1-12,2017,秋,極影
我喜歡的妹妹不是妹妹(我喜歡的是小說裏的你),437,1-10+OVA1-2,2018,秋,喵萌奶茶屋
飛翔吧！戰機少女,493,1-12,2019,冬,喵萌奶茶屋
魔法禁書目錄Ⅲ (第三季),403,1-26,2018,秋,桜都
POP TEAM EPIC,264,1-12+SP,2018,冬,悠哈璃羽
閃亮 美妙☆頻道,333,1-51,2018,春,風之聖殿
動物朋友 2 (第二季),497,1-12,2019,冬,DHR百合組
路人超能100 II (第二季),474,1-13,2019,冬,八重櫻
荒野的壽飛行隊,496,1-12,2019,冬,喵萌奶茶屋
Endro～！,495,1-12,2019,冬,DHR百合組
W’z,470,1-13+14,2019,冬,孤獨青空
刀劍神域 Alicization (第三季上),404,1-24,2018,秋,悠哈璃羽&拉斯觀測組
輝夜姬想讓人告白～天才們的戀愛頭腦戰～,494,1-12,2019,冬,動漫國
不愉快的妖怪庵 續 (第二季),469,1-13,2019,冬,幻櫻
逆轉裁判 Season2 (第二季),424,1-23,2018,秋,DHR&茉語星夢
爆釣 Bar Hunter,408,1-25,2018,秋,-
魔法少女特殊戰明日香,492,1-12,2019,冬,八重櫻
家有女友,491,1-12,2019,冬,桜都
B-PROJECT～絕頂＊Emotion～,489,1-12,2019,冬,-
火之丸相撲,418,1-24,2018,秋,動漫花園
約會大作戰 III (第三季),488,1-12,2019,冬,千夏
格林筆記 The Animation,487,1-12,2019,冬,-
不吉波普不笑,467,1-18,2019,冬,悠哈璃羽
約定的夢幻島,482,1-12,2019,冬,豌豆&風之聖殿
五等分的新娘,486,1-12,2019,冬,時雨初空
偶像學園Friends！,314,1-50,2018,春,雪飄
BanG Dream! 2nd season(第二季),466,1-13,2019,冬,DHR百合組/桜都
臨死！！江古田,483,1-12,2019,冬,幻櫻
同居人是貓(同居人時而在腿上，時而跑到腦袋上。),484,1-12,2019,冬,澄空&雪飄&流雲
明治東京戀伽,462,1-12,2019,冬,-
狂賭之淵×× (第二季),485,1-12,2019,冬,悠哈璃羽
菸草,481,1-12,2019,冬,檸檬水
三次元女友(3D女友 REAL GIRL) 第二季,480,1-12,2019,冬,新番
續‧終物語,504,1-6,2018,秋,喵萌奶茶屋
強風吹拂,409,1-23,2018,秋,DHR
雨色可可亞 side G,478,1-12,2019,冬,-
環戰公主 CIRCLET PRINCESS,477,1-12,2019,冬,-
粉彩回憶,490,1-12,2019,冬,-
巴哈姆特之怒 Manaria Friends (Mysteria Friends),475,1-10,2019,冬,極影
笨拙之極的上野,473,1-12,2019,冬,喵萌奶茶屋
女神異聞錄5,324,1-26.5+SP1-2,2018,春,幻櫻
迷你刀使,471,0-10,2019,冬,茉語星夢&風之聖殿
笑容的代價,468,1-12,2019,冬,極影
高分少女,392,1-15,2018,夏,喵萌茶會
一騎當千 Western Wolves,506,1-3,2019,冬,桜都
悠悠哉哉少女日和 劇場版,505,劇場版,2018,夏,千夏
偶像大師 灰姑娘女孩劇場 第三季,383,1-13,2018,夏,愛戀
就算是爸爸，也想做,479,1-8,2019,冬,幻櫻
Radiant 虛空魔境,425,1-21,2018,秋,-
聖鬥士星矢 聖斗少女翔,458,1-10,2019,冬,喵萌奶茶屋
Hulaing Babies,499,連載中(05),2019,冬,DHR百合組
電影版 我的英雄學院 兩個人的英雄,503,劇場版,2018,夏,悠哈璃羽
企鵝高速公路,501,劇場版,2018,夏,SweetSub
HUG！光之美少女,292,1-49,2018,冬,雪飄
情色漫畫老師,72,1-12+OVA1-2,2017,春,漫貓&愛戀
命運石之門0,339,1-23+OVA,2018,春,喵萌奶茶屋
劇場版 七大罪 天空的囚人,464,劇場版,2018,夏,豌豆
末班車後，在膠囊旅館向上司傳遞微熱的夜晚。,446,1-12,2018,秋,桜都
衛宮家今天的餐桌風景(衛宮家今天的飯),255,1-13,2018,冬,雪飄
尤利西斯 貞德與鍊金騎士,429,1-12,2018,秋,咕咕茶
我讓最想被擁抱的男人給威脅了,423,1-13,2018,秋,幻櫻
哥布林殺手,427,1-12,2018,秋,喵萌奶茶屋
來自繽紛世界的明日,421,1-13,2018,秋,喵萌奶茶屋
閃亂神樂 SHINOVI MASTER -東京妖魔篇- (第二季),445,1-12,2018,秋,幻櫻
終將成為妳,416,1-13,2018,秋,幻櫻不夠熱
齊木楠雄的災難 完結篇,461,1-2,2018,秋,豌豆&風之聖殿
BanG Dream! Girls Band Party!☆PICO,382,1-26,2018,夏,DHR百合組
梅露可物語 -無氣力少年與瓶中少女-,444,1-12,2018,秋,梅露可Wiki&幻之
叛逆性百萬亞瑟王,452,1-10,2018,秋,-
青春豬頭少年不會夢到兔女郎學姊,402,1-13,2018,秋,喵萌奶茶屋
只要別西卜大小姐喜歡就好,440,1-12,2018,秋,-
偶像大師 SideM 有理由Mini！,454,1-12,2018,秋,YG
中間管理錄利根川,362,1-24,2018,夏,-
CONCEPTION 為我而生(產子救世錄),436,1-12,2018,秋,幻櫻
東京喰種:re 第二季,432,1-12,2018,秋,-
大人的防具店,434,1-12,2018,秋,TUcaptions
軒轅劍 蒼之曜,410,1-13,2018,秋,雪飄
One Room 第二季,358,0-12+Extra,2018,夏,動漫國
黃金神威 第二季,433,1-12,2018,秋,幻櫻
宇宙戰艦提拉米斯 第二季,405,1-13,2018,秋,諸神
不受歡迎之家,435,1-12,2018,秋,幻櫻
DOUBLE DECKER! 道格&西里爾,400,1-13,2018,秋,-
書店裡的骷髏店員本田,431,1-12,2018,秋,幻櫻&幻之
Anima Yell!,430,1-12,2018,秋,DHR百合組
RELEASE THE SPYCE (月影特工),428,1-12,2018,秋,喵萌奶茶屋
嫁給非人類,411,1-12,2018,秋,幻櫻
SSSS.GRIDMAN,426,1-12,2018,秋,喵萌茶會
寄宿學校的茱麗葉,422,1-12,2018,秋,悠哈璃羽
錢進球場 第二季,417,1-12,2018,秋,悠哈璃羽
隔壁的吸血鬼美眉,415,1-12,2018,秋,動漫國
Banana Fish(戰慄殺機),370,1-24,2018,夏,極影
佐賀偶像是傳奇(ZombieLand SAGA),414,1-12,2018,秋,喵萌奶茶屋
天空與海洋之間,413,1-12,2018,秋,DHR百合組
夕照少女(茜色少女),407,1-12,2018,秋,DHR&茉語星夢
蒼天之拳 REGENESIS 第二季,406,1-12,2018,秋,-
刃牙 死囚篇,356,1-26,2018,夏,-
搖曳莊的幽奈小姐 OVA,372,1-3,2018,夏,桜都
我想吃掉你的胰臟,459,劇場版,2018,夏,喵不萌
電影版 吹響吧！上低音號～莉茲與青鳥～,456,劇場版,2018,夏,千夏
NO GAME NO LIFE 遊戲人生,455,1-12+SP,2014,春,DHR&輕之國度
RErideD -穿越時空的德希達-,412,1-12,2018,秋,-
能繼續奔跑下去真是太好了。,439,1-4,2018,秋,DHR
INGRESS THE ANIMATION,450,1-11,2018,秋,傲嬌零xWHRES
殺戮的天使,369,1-16,2018,夏,動漫國
道別的早晨就用約定之花點綴吧,453,劇場版,2018,冬,雪飄
魔法律事務所,398,1-12,2018,夏,-
閃亂神樂 夏日對決 -充滿泳裝的前夜祭,449,OVA,2015,冬,幻櫻
閃亂神樂,448,1-12+SP1-6,2013,冬,幻櫻
Fate/kaleid liner 魔法少女☆伊莉雅 3rei!!,443,1-12,2016,夏,極影
Fate/kaleid liner 魔法少女☆伊莉雅 2wei Herz!,442,1-10,2015,夏,動漫國
Fate/kaleid liner 魔法少女☆伊莉雅 2wei!,441,1-10+OVA,2014,夏,囧夏
OVERLORD III (第三季),384,1-13,2018,夏,八重櫻
沒有心跳的少女 BEATLESS,279,1-24,2018,冬,動漫國
小邪神飛踢(邪神與廚二病少女),381,1-12+SP,2018,夏,幻櫻
天降女子!～女孩子從2樓…掉了下來!?～,373,1-9,2018,夏,桜都
羽球戰爭！(輕羽飛揚),357,1-13,2018,夏,動漫國
我的英雄學院 第三季,321,1-25,2018,春,八重櫻
LORD of VERMILION 紅蓮之王,389,1-12,2018,夏,-
Happy Sugar Life,387,1-12,2018,夏,幻櫻
碧藍之海,388,1-12,2018,夏,悠哈璃羽&西農YUI
棒球大聯盟2nd,348,1-25,2018,春,Dymy
天狼 Sirius the Jaeger,391,1-12,2018,夏,悠哈璃羽
Free!-Dive to the Future-(第三季),386,1-12,2018,夏,DHR
Angolmois 元寇合戰記,385,1-12,2018,夏,喵萌奶茶屋
千銃士,361,1-12,2018,夏,-
鋼彈創鬥者 潛網大戰(高達創形者),308,1-25,2018,春,茉語星夢&風之聖殿
魯邦三世 PART5,313,1-24,2018,春,魯邦聯會
京都寺町三條商店街的福爾摩斯,380,1-12,2018,夏,喵萌奶茶屋
前進吧！登山少女(向山進發) 第三季,359,1-13,2018,夏,DHR百合組
妖怪旅館營業中,305,1-26,2018,春,-
Planet With,377,1-12,2018,夏,茉語星夢&動漫國
遊戲3人娘(來玩遊戲吧),378,1-12,2018,夏,喵萌茶會
敦君與女朋友,318,1-25,2018,春,幻之
音樂少女,376,1-12,2018,夏,-
百鍊霸王與聖約女武神,375,1-12,2018,夏,澄空&雪飄
遙的接球,368,1-12,2018,夏,悠哈璃羽
千緒的通學路,367,1-12,2018,夏,DHR
昴宿七星(七星的昴星團),366,1-12,2018,夏,波洛咖啡廳
夢王國與沉睡中的100位王子殿下,363,1-12,2018,夏,-
春原莊的管理員小姐,365,1-12,2018,夏,極影
異世界魔王與召喚少女的奴隸魔術,364,1-12,2018,夏,極影
重神機潘多拉,300,1-26,2018,春,-
ISLAND,355,1-12,2018,夏,傲嬌零
異世界居酒屋「阿信」,343,1-12,2018,春,-
Back Street Girls~後街女孩~,360,1-10,2018,夏,西農YUI&喵萌奶茶屋
擺出討厭的表情露出內褲,390,1-6,2018,夏,悠哈璃羽
搖曳露營△,256,1-12+SP,2018,冬,喵萌奶茶屋&千夏
約定的七夜祭,397,ONA,2018,夏,官方
NEKOPARA OVA,247,OVA+OVA Extra,2017,秋,喵萌奶茶屋
Fate/EXTRA Last Encore,290,1-13,2018,冬,雪飄
政宗君的復仇,10,1-12+OAD,2017,冬,動漫國
中二病也想談戀愛！-Take On Me-,396,劇場版,2018,冬,千夏
驚爆危機 Invisible Victory,346,1-12,2018,春,雪飄
擅長捉弄人的高木同學,269,1-12+OVA,2018,冬,千夏
琴之森,330,1-12,2018,春,Dymy
DARLING in the FRANXX,281,1-24,2018,冬,千夏UMA
某殭屍少女的災難,371,1,2018,夏,喵萌奶茶屋
紫羅蘭永恆花園,273,1-13+Extra,2018,冬,動漫國
飆速宅男 GLORY LINE (第四季),285,1-25,2018,冬,Dymy
食戟之靈 餐之皿(第三季下) 遠月列車篇,329,1-12+OVA,2018,春,極影
惡魔高校 D×D HERO(第四季),338,0-12,2018,春,喵萌奶茶屋
Hisone與Masotan,347,1-12,2018,春,DHR&動漫國&茉語星夢
和風喫茶鹿楓堂,345,1-12,2018,春,DHR
鬼燈的冷徹 第二季,210,1-26,2017/2018,2017秋/2018春,豌豆&風之聖殿
刀劍神域外傳Gun Gale Online,322,1-12,2018,春,動漫國
七大罪 戒律的復活 (第二季),260,0-24,2018,冬,豌豆
MEGALO BOX,315,1-13,2018,春,-
奴隸區 我與23個奴隸,344,1-12,2018,春,喵萌茶會
多田君不戀愛,311,1-13,2018,春,動漫花園
Butlers～千年百年物語～,341,1-12,2018,春,-
最終休止符,340,1-12,2018,春,-
平交道時間,337,1-12,2018,春,極影
齊木楠雄的災難 第二季,286,1-24,2018,冬,豌豆&風之聖殿
銀河英雄傳說 Die Neue These 邂逅,336,1-12,2018,春,漫遊&澄空&天香
實驗品家庭,335,1-11,2018,春,DHR
宇宙戰艦提拉米斯,304,1-13,2018,春,諸神
錢進球場,319,1-12,2018,春,悠哈璃羽
卡利古拉(Caligula),326,1-12,2018,春,喵萌茶會
冷然之天秤,328,1-12,2018,春,-
甜心戰士 Universe,331,1-12,2018,春,喵萌奶茶屋
DEVILSLINE 惡魔戰線,323,1-12,2018,春,幻櫻
藍海少女！～Advance～(第二季),299,1-12,2018,春,AQUAWS
魔法少女網站,320,1-12,2018,春,喵萌奶茶屋
失憶融合WIXOSS(Lostorage conflated WIXOSS),325,1-12,2018,春,極影
皇帝聖印戰記,259,1-24,2018,冬,極影
馭刀巫女(刀使之巫女),258,1-24,2018,冬,茉語星夢&風之聖殿
極道超女,317,1-12,2018,春,幻櫻
罪人與龍共舞,316,1-12,2018,春,-
阿宅的戀愛太難,342,1-11,2018,春,動漫國
漫畫女孩,312,1-12,2018,春,西農YUI&喵萌奶茶屋
ALICE OR ALICE～妹控哥哥與雙胞胎妹妹～,310,1-12,2018,春,幻櫻
三次元女友(3D女友 REAL GIRL),309,1-12,2018,春,新番
立花館戀愛三角關係,306,1-12,2018,春,小花花同盟戰線
東京喰種:re,307,1-12,2018,春,風車&波洛咖啡廳
老子是魔法少女(魔法少女 俺),298,1-12,2018,春,DHR百合組
櫻花忍法帖,284,1-24,2018,冬,-
蒼天之拳 REGENESIS,303,1-12,2018,春,-
賽馬娘Pretty Derby,302,1-13,2018,春,DHR百合組
LOST SONG,301,1-12,2018,春,動漫國
牽牛花與加瀨同學,353,劇場版,2018,春,DHR百合組
食戟之靈 貳之皿(第二季),352,1-13,2016,夏,極影
庫洛魔法使 透明牌篇,262,1-22+OAD,2018,冬,喵萌奶茶屋
請問您今天要來點兔子嗎？ ～Dear My Sister～,351,劇場版,2018,冬,極影
偶像星願(IDOLiSH7),283,1-17,2018,冬,-
Fate/stay night [Heaven’s Feel] I.預示之花,350,劇場版,2017,秋,諸神&豌豆&風之聖殿
七美德,289,1-12,2018,冬,幻櫻
3月的獅子 第二季,240,1-22,2017,秋,極影
煙花(煙花，應該和誰看),349,劇場版,2017,夏,喵萌奶茶屋
續『刀劍亂舞－花丸－』(第二季),270,1-12,2018,冬,八重櫻
25歲的女高中生,267,1-12,2018,冬,幻櫻
偶像時間星光樂園,102,1-51,2017,春,風之聖殿
小木乃伊到我家,277,1-12,2018,冬,喵萌奶茶屋
牙鬥獸娘(KILLING BITES),287,1-12,2018,冬,喵萌奶茶屋
妖精森林的小不點,278,1-12,2018,冬,諸神&動漫國
OVERLORD II (第二季),272,1-13,2018,冬,八重櫻
牙狼 VANISHING LINE,230,1-24,2017,秋,極影
居家飲酒趣(酒鬼妹子),282,1-12,2018,冬,TUcaptions
博多豚骨拉麵團,251,1-12,2018,冬,悠哈璃羽
粗點心戰爭 (第二季),276,1-12,2018,冬,極影
愛在雨過天晴時,274,1-12,2018,冬,時雨初空
爆肝工程師的異世界狂想曲,249,1-12,2018,冬,喵萌奶茶屋
奧特怪獸擬人化計劃 (第二季),280,1-12,2018,冬,極影
阿松 第二季,213,1-25,2017,秋,西農YUI
比宇宙更遠的地方,254,1-13,2018,冬,DHR&茉語星夢
刻刻 ─時間暫停─,268,1-12,2018,冬,風之聖殿
龍王的工作！,250,1-12,2018,冬,動漫國
三麗鷗男子,266,1-12,2018,冬,喵萌茶會
三顆星彩色冒險,252,1-12,2018,冬,千夏
學園奶爸,271,1-12,2018,冬,Dymy
citrus~柑橘味香氣~,261,1-12,2018,冬,幻櫻不夠熱
Slow Start,265,1-12,2018,冬,喵萌奶茶屋
魔法使的新娘,227,1-24,2017,秋,動漫國
伊藤潤二驚選集,263,1-12,2018,冬,極影
愛吃拉麵的小泉同學,257,1-12,2018,冬,動漫國
B: The Beginning(B：彼之初),296,1-12,2018,冬,-
A.I.C.O.：化身(A.I.C.O. Incarnation),295,1-12,2018,冬,-
新妹魔王的契約者 DEPARTURES,294,OVA,2018,冬,桜都
NO GAME NO LIFE 遊戲人生 ZERO,293,劇場版,2018,夏,動漫國
偶像大師 灰姑娘女孩劇場 第二季,245,1-13,2017,秋,紫音
Princess Principal,183,1-12+SP1-6,2017,夏,茉語星夢&風之聖殿
惡魔人 Crybaby,288,1-10,2018,冬,幻櫻
魔法高校的劣等生劇場版 呼喚繁星的少女,291,劇場版,2017,春,動漫國
URAHARA,221,1-12,2017,秋,喵萌奶茶屋
"Wake Up, Girls！新章",241,1-13,2017,秋,BBA
動畫同好會,233,1-12,2017,秋,喵萌奶茶屋
結城友奈是勇者 勇者之章,246,1-6,2017,秋,雪飄
Fate/Grand Order -MOONLIGHT/LOSTROOM-,253,1,2018,冬,雪飄
無論何時我們的戀情都是10厘米,242,1-6,2017,秋,時雨初空
Dies irae(神怒之日),224,0-11.5,2017,秋,喵萌茶會
LoveLive! Sunshine!! 第二季,225,1-13,2017,秋,LoveEcho!
Fate/Apocrypha,163,1-25,2017,夏,雪飄
妖怪公寓的優雅日常,172,1-26,2017,夏,幻櫻
側邊車搭檔,232,1-12,2017,秋,DHR百合組
Just Because!,209,1-12,2017,秋,動漫國
品酒要在成為夫妻後,212,1-13+14,2017,秋,時雨初空
戰刻夜血,216,1-12,2017,秋,極影
我家有個魚乾妹R (第二季),231,1-12,2017,秋,愛戀
血界戰線&BEYOND,229,1-12,2017,秋,喵萌奶茶屋
LOVE 米 -WE LOVE RICE- 第二季,236,1-12,2017,秋,幻之
泥鯨之子們在沙地上歌唱,235,1-12+OVA1-2,2017,秋,DHR
如果有妹妹就好了。,204,1-12,2017,秋,動漫國
Code：Realize ～創世的姫君～,226,1-12+OVA,2017,秋,喵萌奶茶屋
奇諾之旅 -the Beautiful World- the Animated Series,208,1-12,2017,秋,喵萌茶會
將國戡亂記,179,1-24,2017,夏,動漫花園
寶石之國,205,1-12,2017,秋,DHR百合組
調教咖啡廳,228,1-12,2017,秋,動漫國&雪飄
大正小小先生,223,1-12,2017,秋,幻櫻
殺戮重生犬屋敷,238,1-11,2017,秋,悠哈璃羽
少女終末旅行,222,1-12,2017,秋,時雨初空
國王遊戲 The Animation,220,1-12,2017,秋,波洛咖啡廳
咕嚕咕嚕魔法陣,193,1-24,2017,夏,風之聖殿&臉腫&茉語星夢
此花亭奇譚,217,1-12,2017,秋,DHR百合組
食戟之靈 餐之皿(第三季上),215,1-12,2017,秋,極影
十二大戰,219,1-12,2017,秋,極影
UQ HOLDER！悠久持有者 ～魔法老師！2～,206,1-12,2017,秋,千夏&小花花同盟戰線
相親對象是我教的強勢問題兒,211,1-12,2017,秋,幻櫻
舞動青春,180,1-24,2017,夏,雪飄
網路勝利組,237,1-10+OVA,2017,秋,漫游
我的女友是個過度認真的處女bitch,207,1-10+11,2017,秋,動漫國
結城友奈是勇者 鷲尾須美之章,239,1-6,2017,秋,雪飄
武裝少女Machiavellianism,110,1-13,2017,春,極影
偶像大師SideM,234,-,2017,秋,-
Fate/kaleid liner 魔法少女☆伊莉雅 雪下的誓言,244,劇場版,2017,夏,幻之
CHAOS;CHILD,30,0-14,2017,冬,動漫國
便利店男友,199,1-12,2017,春,唯夢/總有一天漢化組
THE REFLECTION WAVE ONE,200,1-12,2017,夏,漫游
時間支配者,176,1-13,2017,夏,放學後的死神
裙子下的野獸,166,1-12,2017,夏,幻櫻
18if,197,1-13,2017,夏,BBA
最遊記 RELOAD BLAST,174,1-12,2017,夏,極影
動作女英雄CheerFruit,178,1-12,2017,夏,喵萌奶茶屋
戰姬絕唱 SYMPHOGEAR AXZ,164,1-13,2017,夏,漫游&S.O.N.G.
巴哈姆特之怒 VIRGIN SOUL (第二季),108,1-24,2017,春,動漫花園
地獄少女 宵伽,196,1-12,2017,夏,豌豆
我的英雄學院 第二季,79,1-25,2017,春,八重櫻
獨占我的英雄,182,1-12,2017,夏,幻櫻
海天使之光,194,1-12,2017,夏,極影
Gamers 電玩咖！,195,1-12,2017,夏,幻櫻
野良和皇女和野貓之心,191,1-12,2017,夏,動漫國
歡迎來到實力至上主義的教室,184,1-12,2017,夏,動漫國
半獸人的煩惱,185,1-12,2017,夏,DHR
NEW GAME!! (第二季),160,1-12,2017,夏,動漫國
帶著智慧型手機闖蕩異世界。,189,1-12,2017,夏,喵萌奶茶屋
小林家的女僕龍,29,1-13+OVA+SP,2017,冬,極影
天使的3P,187,1-12,2017,夏,動漫國
騎士&魔法,165,1-13,2017,夏,愛戀
來自深淵,175,1-13,2017,夏,動漫國
梵蒂岡奇蹟調查官,188,1-12,2017,夏,幻櫻
活擊 刀劍亂舞,162,1-13,2017,夏,時雨初空
猜謎王,190,1-12,2017,夏,DHR
狂賭之淵,161,1-12,2017,夏,悠哈璃羽
境界之輪迴 第三季,131,1-25,2017,春,極影
DIVE!!跳水男孩,177,1-12,2017,夏,八重櫻
SAKURA QUEST 櫻花任務,97,1-25,2017,春,極影
戰鬥女子學園,186,1-12,2017,夏,喵萌奶茶屋
捏造陷阱 -NTR-,173,1-12,2017,夏,喵萌奶茶屋&千夏
異世界食堂,169,1-12,2017,夏,悠哈璃羽
徒然喜歡你(徒然CHILDREN),171,1-12,2017,夏,悠哈璃羽
單蠢女孩,170,1-12,2017,夏,幻櫻
戀愛與謊言,168,1-12,2017,夏,千夏
潔癖男子青山！,167,1-12,2017,夏,喵萌奶茶屋
Re:CREATORS,111,1-22,2017,春,豌豆&風之聖殿
雛邏輯～來自幸運邏輯～(Hina Logic),159,1-12,2017,夏,時雨初空
美男戰國◆跨越時空的戀情,198,連載中(09),2017,夏,極影
刀劍神域劇場版 -序列爭戰-,202,劇場版,2017,冬,動漫國
重啟咲良田,101,1-24,2017,春,DHR
辣妹與我的第一次(第一次的辣妹),192,1-10+11,2017,夏,幻櫻
劇場版 艦隊Collection(艦隊收藏),201,劇場版,2016,秋,動漫國
BanG Dream!,41,1-13+OVA,2017,冬,DHR百合組
擴張少女系三重奏(擴張少女系Trinary),146,連載中(04 EP03),2017,春,F宅
sin 七大罪,126,1-12,2017,春,幻櫻
為美好的世界獻上祝福！ 第二季,28,1-10+OVA,2017,冬,愛戀&風之聖殿
小金剛起源,145,1-12,2017,春,極影
小魔女學園,23,1-25,2017,冬,動漫國
月色真美,103,1-12,2017,春,極影
飆速宅男 第三季,38,1-25,2017,冬,Dymy
正確的卡多,109,0-12,2017,春,動漫國
在地下城尋求邂逅是否搞錯了什麼 外傳 劍姬神聖譚,127,1-12,2017,春,極影
戀愛暴君,112,1-12,2017,春,極影
喧嘩番長 乙女-Girl Beats Boys-,124,1-12,2017,春,幻櫻
Room Mate,122,1-12,2017,春,動漫國
末日時在做什麼？有沒有空？可以來拯救嗎？,121,1-12,2017,春,RH
覆面系NOISE,125,1-12,2017,春,悠哈璃羽
從零開始的魔法書,116,1-12,2017,春,時雨初空
愛麗絲與藏六,115,1-12,2017,春,動漫國
有頂天家族 第二季,113,1-12,2017,春,動漫國&幻之
ID-0,114,1-12,2017,春,兔子
快盜天使雙胞胎BREAK,104,1-12,2017,春,喵萌奶茶屋
碧藍幻想,84,1-13+Extra1-2,2017,春,雪飄&澄空
銀之守墓人,138,1-12,2017,春,-
烙印勇士 第二季,107,1-12,2017,春,幻櫻
雛子的筆記,80,1-12,2017,春,DHR百合組
不起眼女主角培育法♭ (第二季),92,0-11,2017,春,幻櫻
時鐘機關之星,100,1-12,2017,春,兔子
LOVE 米 -WE LOVE RICE-,98,1-12,2017,春,幻之
王室教師海涅,96,1-12,2017,春,喵萌奶茶屋
黑色推銷員NEW,91,1-12,2017,春,豌豆
亞人醬有話要說,18,1-13,2017,冬,幻之
夏目友人帳 陸,123,1-11,2017,春,流雲
不正經的魔術講師與禁忌教典,94,1-12,2017,春,動漫國
高校星歌劇 第二季,117,1-12,2017,春,-
Frame Arms Girl 機甲少女,95,1-12,2017,春,兔子
與僧侶交合的色慾之夜,87,1-12,2017,春,幻櫻
進擊的巨人 第二季,83,1-12,2017,春,動漫國
Fate/stay night [Unlimited Blade Works],157,0-25,2014,秋,紫音
暗殺教室 第二季,156,1-25,2016,冬,極影
噬血狂襲 OVA 第二季,152,1-8,2016,秋,動漫國&輕之國度
噬血狂襲,155,1-24,2013,秋,動漫國&輕之國度
One Room,26,1-12+OVA,2017,冬,動漫國
噬血狂襲 OVA,153,1-2,2015,秋,動漫國&輕之國度
高校艦隊,66,1-12+OVA02,2016,春,DHR&茉語星夢
探索者！(BLAME!),151,劇場版,2017,春,動漫國
廢天使加百列,24,1-12+OVA02,2017,冬,動漫國
偶像大師 灰姑娘女孩劇場,93,連載中(08),2017,春,紫音
文豪野犬 (文豪Stray Dogs) 第二季,150,1-12+OVA,2016,秋,幻櫻
文豪野犬 (文豪Stray Dogs),149,1-12,2016,春,Dymy
聲之形,148,劇場版,2016,夏,動漫國
無彩限的幻影世界,147,1-13+OVA,2016,春,極影
超・少年偵探團NEO,7,1-13,2017,冬,極影
在地下城尋求邂逅是否搞錯了什麼,143,1-13+OVA,2015,春,惡魔島
NEW GAME!,54,1-12+OVA,2016,夏,動漫國
曆物語,141,1-12,2016,冬,極影
緋彈的亞莉亞AA,140,1-12,2015,秋,極影
田中君總是如此慵懶,139,1-12,2016,春,DHR&輕之國度
Anne Happy♪,137,1-12,2016,春,TUcaptions
一拳超人,136,1-12+OAD+OVA1-6,2015,秋,幻櫻
Rewrite 第二季,135,1-11,2017,冬,動漫國
Rewrite,134,1-13,2016,夏,動漫國
約會大作戰,133,1-12+OVA,2013,春,動漫國&DHR
吹響吧！上低音號 第二季,132,1-13,2016,秋,DHR&茉語星夢&千夏
青之驅魔師 京都不淨王篇,16,1-12+OAD,2017,冬,豌豆
約會大作戰 劇場版 審判萬由里,130,劇場版,2015,夏,千夏
約會大作戰 II (第二季),129,1-11,2014,春,動漫國&DHR
飛翔的魔女,128,1-12,2016,春,動漫國
變態王子與不笑貓,120,1-12,2013,春,澄空&華盟
甘城輝煌樂園救世主,119,1-13+14,2014,秋,動漫國
長騎美眉,118,1-12,2017,秋,DHR
SHIROBAKO (白箱),106,1-24,2014,秋,華盟
動物朋友,48,1-12.1,2017,冬,DHR百合組
昭和元祿落語心中~助六再現篇~,40,1-12,2017,冬,雪飄
學園少女突襲者 (School Girl Strikers),15,1-13,2017,冬,極影
秋葉原之旅 -THE ANIMATION-,12,1-13,2017,冬,F宅
進擊的巨人,90,1-25,2013,春,動漫國&惡魔島
刀劍神域 第二季 (Sword Art Online II),86,1-24,2014,夏,TUcaptions
幼女戰記,17,1-12,2017,冬,漫貓&愛戀
南鎌倉高校女子自行車社,20,1-13,2017,冬,極影
刀劍神域 (Sword Art Online),82,1-25,2012,夏,SOSG&動漫國
人渣的本願,27,1-12,2017,冬,幻櫻
舌尖上的義大利,39,1-12,2017,冬,極影
ACCA13 區監察課,31,1-12,2017,冬,動漫國
新撰組鎮魂歌,42,1-12,2017,冬,極影
Hand Shakers,25,1-12+OVA,2017,冬,時雨初空
魔裝學園H×H,73,1-12+SP1-6,2016,夏,極影/幻櫻
élDLIVE宇宙警探,21,1-12,2017,冬,豌豆&風之聖殿
喵咪Days,22,1-12,2017,冬,DHR百合組
鎖鏈戰記 赫克瑟塔斯之光,32,1-12,2017,冬,雪飄
風夏,13,1-12,2017,冬,DHR
夏目友人帳 伍,78,1-11+SP01,2016,秋,極影
櫻花莊的寵物女孩,77,1-24,2012,秋,動漫國
SEIREN（清戀）,11,1-12,2017,冬,RH
烏菈菈迷路帖,14,1-12,2017,冬,輕之國度&動漫國
漫研社 Surgical Friends,9,1-12,2017,冬,幻之
我老婆是學生會長！,75,1-12,2015,夏,幻櫻
我的英雄學院,74,1-13,2016,春,愛戀&風之聖殿
SUPER LOVERS 第二季,37,1-10,2017,冬,極影
劇場版 TRINITY SEVEN 魔道書7使者 -悠久圖書館與鍊金術少女-,70,劇場版,2017,冬,幻櫻
路人超能100,69,1-12,2016,夏,極影
學園孤島,68,1-12,2015,夏,動漫國
我太受歡迎了該怎麼辦,65,1-12,2016,秋,幻櫻
WWW.WORKING!!,64,1-13,2016,秋,豌豆
灼熱的桌球娘,63,1-12,2016,秋,DHR
神裝少女小纏,62,1-12+SP,2016,秋,動漫國
請問您今天要來點兔子嗎？？(第二季),61,1-12,2015,秋,KNA
請問您今天要來點兔子嗎？,59,1-12,2014,春,動漫國
可塑性記憶 (PLASTIC MEMORIES),57,1-13,2015,春,極影
不起眼女主角培育法,56,0-12,2015,冬,DHR
食戟之靈,53,1-24,2015,春,Dymy
我老婆是學生會長！+！,51,1-12,2016,秋,極影
少女編號,50,1-12,2016,秋,DHR
魔法少女育成計劃,49,1-12,2016,秋,極影
競女!!!!!!!!,35,1-12+SP1-6,2016,秋,DHR&茉語星夢
Fate/kaleid liner 魔法少女☆伊莉雅,46,1-10+OVA,2013,夏,極影
甲鐵城的卡巴內里,44,1-12,2016,春,澄空&華盟
房東妹子青春期,33,1-12,2016,冬,千夏
Fate/Grand Order -First Order-,8,1,2016,秋,極影
為美好的世界獻上祝福！,4,1-10+OVA,2016,冬,動漫國
LoveLive! Sunshine!!,6,1-13,2016,夏,澄空&華盟
